id,mass,arm_length,Ixx,Iyy,Izz,twr,motor_tau
0,0.15335838234053928,0.07593156506271498,0.0009070103978058102,0.0009070103978058102,0.0016616430487802444,4.384637934663717,0.06020175430288795
1,0.574593444058759,0.12990064505882779,0.00452932572713752,0.00452932572713752,0.008297724732115937,4.273918588572882,0.11851867759576755
