id,mass,arm_length,Ixx,Iyy,Izz,twr,motor_tau
0,0.9051935629538229,0.12988856228908005,0.006776505930084758,0.006776505930084758,0.012414558863915277,4.520977422771624,0.06819065790340313
1,0.046752291446826785,0.04772558521713907,0.00028976750967512195,0.00028976750967512195,0.0005308540777248234,3.267983504525538,0.03364325301168334
0,2.1226074305717537,0.16495270529395326,0.028813810401890932,0.028813810401890932,0.052786900656264193,4.310967871547351,0.075799614243976
0,0.07486791786173168,0.06354089757094603,0.0001942289077516687,0.0001942289077516687,0.0003558273590010571,2.495133257496085,0.09886130117190588
0,0.03447038992136399,0.03961178548715855,9.891662030677459e-05,9.891662030677459e-05,0.00018121524840201104,4.145525779422863,0.03872801648782141
0,0.20088725773901428,0.07607739518970942,0.0006693960123212399,0.0006693960123212399,0.0012263334945725114,3.5366444135941464,0.05950392094704769
