id,mass,arm_length,Ixx,Iyy,Izz,twr,motor_tau
0,2.7604721203269427,0.200913124266836,0.19810843355816485,0.19810843355816485,0.36293465027855804,4.275203544303104,0.0490130196683659
