id,mass,arm_length,Ixx,Iyy,Izz,twr,motor_tau
0,0.05931732544533859,0.06168752574642982,0.0002112279740561686,0.0002112279740561686,0.00038696964847090087,2.9478622873171103,0.07746726579621407
