id,mass,arm_length,Ixx,Iyy,Izz,twr,motor_tau
0,1.7450065447295027,0.16711417572961698,0.022881011891877242,0.022881011891877242,0.04191801378591911,3.3168222605691744,0.10935492021382101
