id,mass,arm_length,Ixx,Iyy,Izz,thrust_to_weight,motor_tau_up,motor_tau_down,kappa,wn,zeta,tc_ang_rp,tc_ang_y,tc_rate_rp,tc_rate_y,best_rmse
0,3.4990612809086836,0.2389893535724751,0.031321942973030655,0.031321942973030655,0.05738179952659216,3.018830310526533,0.0886849987533087,0.0590762331116393,0.02417943324863178,4.2390007972717285,0.8253471851348877,0.12195929884910583,0.5445071458816528,0.029999999329447746,0.13706910610198975,0.06853245943784714
1,0.2859167206334756,0.09368781494057137,0.0011095288722634635,0.0011095288722634635,0.0020326568939866654,2.8653392660174832,0.04218150361517565,0.11424335763511365,0.028446590599022874,3.730775833129883,0.651371419429779,0.1346103399991989,0.23669524490833282,0.041427385061979294,0.3437501788139343,0.11767100542783737
2,0.2111728489120638,0.09046840136651826,0.0010299906074289586,0.0010299906074289586,0.0018869427928098522,3.917649210513659,0.041988654342671884,0.2608000161456335,0.048326077089902005,3.0309736728668213,0.6789804697036743,0.1660696119070053,0.3423488438129425,0.06988178938627243,0.16802886128425598,0.2077827900648117
3,2.7294806778707397,0.24485726403064564,0.03116953597372711,0.03116953597372711,0.05710258990386807,2.215088892478131,0.07038965151924097,0.27588864612299613,0.04212822021051504,3.0902721881866455,0.6591484546661377,0.16262947022914886,0.7888328433036804,0.05500555410981178,0.15199367702007294,0.19886831939220428
4,0.020800480701583083,0.04174968806779418,6.73292628837144e-05,6.73292628837144e-05,0.00012334720960296478,4.831827238174604,0.04497679419552102,0.24718169074388244,0.0069305059255172895,2.7233850955963135,0.8035798668861389,0.1853807419538498,0.44944584369659424,0.06107674539089203,0.24226722121238708,0.16972707211971283
5,4.520051453180697,0.24442868864747772,0.05491148078278389,0.05491148078278389,0.1005978327940601,3.009735713513881,0.06641137633121484,0.26233603791644855,0.022640820041044528,2.9044039249420166,0.6528448462486267,0.17358188331127167,0.5236470699310303,0.06261035054922104,0.24506758153438568,0.22408178448677063
6,1.3050347453194566,0.1555153646068414,0.0221834695886181,0.0221834695886181,0.04064011628634836,2.3789636249409445,0.06734574849976863,0.10665433734858341,0.046674627566122416,2.8606374263763428,0.742095410823822,0.17636775970458984,0.9218639135360718,0.03886646777391434,0.10000000149011612,0.16438555717468262
7,0.3903743224241745,0.11951419926838201,0.0019296001184875436,0.0019296001184875436,0.00353502741706918,3.4928475342483534,0.08918287442101505,0.2411196990624856,0.04045799332813389,3.4035441875457764,0.6569493412971497,0.1470029503107071,0.5055054426193237,0.05439990758895874,0.10753806680440903,0.1658247709274292
8,0.059685823820239556,0.06748677688904088,0.0003335165126548514,0.0003335165126548514,0.0006110022511836878,3.8357647139996236,0.08383604138828142,0.043978570103086735,0.03691754787774141,3.783383846282959,0.7068520188331604,0.13215835392475128,0.31723302602767944,0.04259641468524933,0.10683251172304153,0.10162004083395004
9,2.3678087044080938,0.1937325600547493,0.0313532425598377,0.0313532425598377,0.05743914036962267,3.540107644150382,0.05638450441132303,0.048109072042234816,0.028701121208086208,4.0015716552734375,0.7047646045684814,0.12779738008975983,0.6297864317893982,0.029999999329447746,0.11763191968202591,0.10183213651180267
10,0.5400803537373484,0.12969525473617607,0.002278175009127401,0.002278175009127401,0.0041736166167213986,2.641646642191584,0.07046706460669823,0.09149078223743987,0.025473163889400834,4.415031433105469,0.6290853023529053,0.11398150771856308,0.35895976424217224,0.030762938782572746,0.36722713708877563,0.08167122304439545
11,1.1360393259752528,0.169154568557281,0.01725178771161863,0.01725178771161863,0.03160527508768533,4.900703407655093,0.057420181292136024,0.12401779086533268,0.0232427496163817,2.9366252422332764,0.6116728782653809,0.17212630808353424,0.6576236486434937,0.06605151295661926,0.21465979516506195,0.222477525472641
12,2.749137337221356,0.2364959373427681,0.03210014031674116,0.03210014031674116,0.05880745706026981,3.982391695317149,0.09497101516566647,0.0915356491417835,0.010808153554101495,3.7083206176757812,0.6113515496253967,0.1364336758852005,0.7659333348274231,0.030681652948260307,0.3697546124458313,0.11989063024520874
13,2.024197267832167,0.2116711648380093,0.0342603489039794,0.0342603489039794,0.06276495919209027,4.925521688215367,0.09754759538698939,0.06136184713517027,0.027427735512856335,3.84875226020813,0.6757249236106873,0.13142460584640503,0.9367436170578003,0.036715831607580185,0.11256790161132812,0.11701752245426178
14,0.08967820787205426,0.07122318145894006,0.00089317913128687,0.00089317913128687,0.001636304168517546,2.829907557854819,0.04087158210625733,0.20379460447511236,0.01904249136977451,2.363492250442505,0.633610725402832,0.21226757764816284,0.446768194437027,0.10264322906732559,0.19440242648124695,0.3194252848625183
15,0.23551942466177347,0.10290453582176934,0.0017208588245937366,0.0017208588245937366,0.0031526133666557256,4.499615886193541,0.07987714285277014,0.21262690686642335,0.03750092894598813,3.139784336090088,0.6241791844367981,0.16269949078559875,0.4366336762905121,0.08075002580881119,0.11186276376247406,0.2142256498336792
16,2.5476311003390526,0.18893506991379272,0.027565070718786666,0.027565070718786666,0.05049920955681717,3.7466211181917344,0.09645498681804779,0.2912694212500918,0.01937984312035026,2.697399616241455,0.6272351145744324,0.1859225332736969,0.6650182604789734,0.0660962387919426,0.1819557249546051,0.2577488124370575
17,0.07893329526775604,0.06366424306426754,0.0005097945934956128,0.0005097945934956128,0.0009339436952839628,3.316352393832604,0.07962445519721931,0.11998595758909357,0.012453479640844109,3.052061080932617,0.6715190410614014,0.1720331758260727,0.2663159966468811,0.050181057304143906,0.19274906814098358,0.17598295211791992
18,1.0802014285883785,0.16979168330090888,0.023145508707566997,0.023145508707566997,0.04240257195226274,4.4736028954885985,0.07249537405400323,0.06993631721051868,0.03042098478648848,3.0352346897125244,0.6324482560157776,0.16617536544799805,0.46761569380760193,0.06331862509250641,0.18145661056041718,0.2023693025112152
19,1.1725906882431418,0.17278513983002872,0.019169896708487493,0.019169896708487493,0.03511925076994909,4.16015416775151,0.09919128786992741,0.2107176867413442,0.03757053681920144,2.5468010902404785,0.6295819878578186,0.1980263590812683,0.4458652138710022,0.07933599501848221,0.2014613002538681,0.2800854444503784
20,0.30377968755473217,0.10404682731546099,0.0015794720549065775,0.0015794720549065775,0.00289359280458885,2.9284433220693833,0.06220146801919706,0.12053421514130638,0.008667547560253381,3.9760825634002686,0.602645993232727,0.1295655071735382,0.9143083095550537,0.03564716503024101,0.12836693227291107,0.12546467781066895
21,0.13202287514096037,0.08838299886229228,0.0010713859475059994,0.0010713859475059994,0.001962779055830991,2.8940280549405535,0.04543992760083357,0.18868401616296615,0.036940248632155406,2.56325626373291,0.6966022849082947,0.19846396148204803,0.43792521953582764,0.08449728786945343,0.14605489373207092,0.24179503321647644
22,2.1428408384867668,0.17147308883421394,0.04113779390660433,0.04113779390660433,0.07536443843689913,1.559817573539982,0.08691551709520388,0.24980332712342512,0.017287897698024787,1.8738970756530762,0.8806024193763733,0.2851905822753906,0.7685089707374573,0.04684698209166527,0.36707019805908203,0.28992533683776855
23,0.21946055683535834,0.08779568885474566,0.0019583182378227265,0.0019583182378227265,0.003587639011691235,4.8493157992790366,0.062478518818686685,0.09748751716292449,0.040865997753183704,3.0275180339813232,0.6745113730430603,0.16691330075263977,0.5597116947174072,0.06439920514822006,0.1676172912120819,0.19973990321159363
24,0.3241087545330267,0.09273342845449224,0.002622179061538843,0.002622179061538843,0.00480383204073916,4.877510627522434,0.07532733424650356,0.19876439926636383,0.011947420115797828,2.682359457015991,0.6000000238418579,0.18774515390396118,0.3313770294189453,0.07577309012413025,0.44705429673194885,0.2640272080898285
25,0.9711257599646886,0.16586668604626065,0.015730928178731375,0.015730928178731375,0.02881906042343588,4.641061606508867,0.03203725165690066,0.032997258794929624,0.01630550810730021,3.188492774963379,0.619537353515625,0.16082671284675598,0.6568458676338196,0.0511794313788414,0.14139875769615173,0.15889082849025726
26,1.1517863614076724,0.15366173058449847,0.005296411048385655,0.005296411048385655,0.00970302504064252,2.5161033679488813,0.08816403151981739,0.054771664205767866,0.010629513839920605,4.099357604980469,0.7080730199813843,0.12276157736778259,0.26602938771247864,0.030632438138127327,0.3613028824329376,0.07648836076259613
27,4.807671013454678,0.24210007654246055,0.08941742900016059,0.08941742900016059,0.1638127299282942,2.102636325899265,0.0912326593319002,0.03838466821040865,0.030448220475913425,3.289013147354126,0.7604591250419617,0.1639636754989624,0.3978354334831238,0.04944585636258125,0.22174914181232452,0.1546645313501358
28,1.1998567307584687,0.15090289596633794,0.01734729357625184,0.01734729357625184,0.031780241831693375,2.892293667255675,0.08892060143754196,0.15067604324959882,0.02097506022649637,2.9122745990753174,0.6064411997795105,0.1749304234981537,0.5973155498504639,0.05514589697122574,0.12703603506088257,0.20892974734306335
29,4.218187657546776,0.2482545484865662,0.035153465290603564,0.035153465290603564,0.06440114841238573,2.086963826240445,0.07666094752056382,0.0844484610649173,0.018537901778517735,3.91038179397583,0.7670786380767822,0.1292736828327179,0.9979865550994873,0.029999999329447746,0.18520386517047882,0.08562012761831284
30,3.663687387193804,0.20896575465572853,0.028821225547437827,0.028821225547437827,0.0528004852029061,1.9890899644654718,0.03987229073725557,0.039443073785459484,0.0074341554132791995,4.23940896987915,0.6551602482795715,0.11805298179388046,0.9431122541427612,0.029999999329447746,0.19024324417114258,0.07879813760519028
31,3.5629242300514217,0.24417799851804642,0.027615008540621776,0.027615008540621776,0.0505906956464191,2.0247998563694125,0.08218067250365621,0.13406849714092178,0.019181645560945457,3.551136016845703,0.7617433667182922,0.1444169282913208,0.27445098757743835,0.029999999329447746,0.2966587543487549,0.09881135076284409
32,0.6466455550061186,0.1490271728186971,0.005240786961234563,0.005240786961234563,0.00960112171298172,4.422258379508214,0.06365896816537371,0.29878308268535037,0.022259395565581125,2.7688608169555664,0.6512388586997986,0.18248528242111206,0.7694051861763,0.06520186364650726,0.13477763533592224,0.26491600275039673
33,0.7164607233971536,0.15525138502253233,0.004852339970990456,0.004852339970990456,0.008889486826854516,2.929184108920418,0.07939526211268082,0.23313280157559432,0.0415165427816512,3.4235892295837402,0.6037723422050476,0.14725126326084137,0.461760014295578,0.05288843810558319,0.1749088168144226,0.16692768037319183
34,0.5111582627589547,0.12580495608908684,0.0018824928942985852,0.0018824928942985852,0.003448726982355008,2.3880826829941233,0.0679066208467512,0.1385284855709576,0.010274317022496818,3.9223015308380127,0.6849059462547302,0.1296364814043045,0.3362869620323181,0.030556369572877884,0.11968950927257538,0.09613047540187836
35,1.0043259920825478,0.15027750933701264,0.004787933782563722,0.004787933782563722,0.008771494689656737,2.147692704221343,0.05961470806454007,0.25357723292685275,0.03206017343997527,3.7611045837402344,0.6065166592597961,0.13485656678676605,0.7614872455596924,0.04463513195514679,0.10331249237060547,0.14348143339157104
36,0.7497710070985792,0.13521494327265232,0.004009065861815895,0.004009065861815895,0.007344608658846719,2.9651560574288447,0.054995176102100904,0.16206125263577803,0.021116173624158616,3.697153329849243,0.6885361671447754,0.13681431114673615,0.426018625497818,0.04965412989258766,0.1353931725025177,0.1340235024690628
37,0.06965309319908428,0.05443628843167361,0.0002274155503227548,0.0002274155503227548,0.0004166252881912868,3.8247340275349497,0.030180230245934397,0.11497012219427676,0.02096517237335035,3.448715925216675,0.7120636701583862,0.14603765308856964,0.4970475733280182,0.05220452696084976,0.12930378317832947,0.127772718667984
38,0.17350459281073713,0.08733219938612098,0.0008027774504845782,0.0008027774504845782,0.0014706882892877473,4.507170555540522,0.06895658660830142,0.19925167762244347,0.007016059460400027,2.896036386489868,0.657781183719635,0.17278482019901276,0.5942690372467041,0.05574150010943413,0.31338194012641907,0.200158953666687
39,0.3023598917938507,0.10484874010206897,0.0017776580699034874,0.0017776580699034874,0.003256669584063189,4.604875136315396,0.040470733727036565,0.08523564220255789,0.015636189470003253,3.293424367904663,0.6780410408973694,0.154962420463562,0.42897695302963257,0.04503267630934715,0.17500180006027222,0.1354394257068634
40,2.4670891050251784,0.2109348090459977,0.031042519652069625,0.031042519652069625,0.056869896002591555,4.98789215199579,0.0524536679388979,0.12410886653014215,0.04320513033513158,3.3241665363311768,0.6809988617897034,0.15205322206020355,0.6493774652481079,0.05360936373472214,0.1214563250541687,0.1679966151714325
41,0.028520342625955052,0.03858734535364851,0.00014095759045165866,0.00014095759045165866,0.0002582343057074387,3.1430480791561104,0.09392967650664301,0.16724010159629418,0.03644026444106003,2.690519332885742,0.7603428959846497,0.18598572909832,0.4358592927455902,0.06051759794354439,0.12369444966316223,0.18935084342956543
42,1.5085892555321696,0.19283895515890467,0.04746842424636464,0.04746842424636464,0.08696215321934002,4.342830128129439,0.09223684623558062,0.07914938294289309,0.014917976422715393,2.533597946166992,0.6338087320327759,0.20421889424324036,0.9988470673561096,0.055951252579689026,0.23032218217849731,0.24936842918395996
43,4.713839941480893,0.22976057532275238,0.05119057603086701,0.05119057603086701,0.09378113528854837,1.9793716324695663,0.07473015542651337,0.22243100056702786,0.010239841461593374,3.1207425594329834,0.6635361909866333,0.1636497676372528,0.9838897585868835,0.03867849335074425,0.24747876822948456,0.1705559343099594
44,4.989891481256572,0.2590275827751227,0.09846557886887511,0.09846557886887511,0.1803889404877792,4.890713574285957,0.05934325324387825,0.2556162485451572,0.01889504928212357,2.4539878368377686,0.6745366454124451,0.207241490483284,0.47486427426338196,0.07537491619586945,0.48821863532066345,0.33849653601646423
45,1.2131543136843543,0.18534464790952782,0.02631452801590385,0.02631452801590385,0.048208215325135854,4.194205452474646,0.040833566870144486,0.1419704511606139,0.0063494943632696555,2.1825175285339355,0.6046220064163208,0.2309369146823883,0.9163617491722107,0.0824974775314331,0.315743088722229,0.3632093667984009
46,3.6969801891003384,0.20646219791857115,0.11128259919811338,0.11128259919811338,0.20386972173094373,4.22039402942622,0.09939560507600188,0.12240587360288292,0.015754781681419826,2.4188296794891357,0.6463913917541504,0.20950403809547424,0.7027610540390015,0.06686025112867355,0.24669905006885529,0.302341103553772
47,0.15069192395404576,0.08021071007320373,0.0014123983176883423,0.0014123983176883423,0.002587513718005043,3.1092396164262497,0.09036364607344097,0.15394391882950498,0.04894971260650418,2.7761893272399902,0.6387195587158203,0.18122227489948273,0.2274657040834427,0.07515221834182739,0.13351580500602722,0.2155403345823288
48,1.474680510459361,0.17861235427178204,0.016346949466486654,0.016346949466486654,0.029947611422603552,3.9571665418524264,0.08536359734378202,0.16591944271593992,0.029653143977865046,3.188120126724243,0.6448336243629456,0.15751369297504425,0.4364531636238098,0.05780719220638275,0.18258771300315857,0.17788633704185486
49,0.2776597742278872,0.08526871937030264,0.0024274510887598816,0.0024274510887598816,0.004447090394608103,4.437642017323191,0.03357588569357355,0.19623077034369862,0.0441147372445067,2.650000810623169,0.6745995879173279,0.18994010984897614,0.24749775230884552,0.08761490136384964,0.14612260460853577,0.28020983934402466
50,1.296318012864257,0.1505772297942792,0.0108742334962703,0.0108742334962703,0.01992159576516719,3.551100899679426,0.07054417331639266,0.18461470147039202,0.006830405027624059,2.849257707595825,0.641478419303894,0.17660877108573914,0.6983395218849182,0.05876943841576576,0.3398689925670624,0.2229936420917511
51,3.3594971395995974,0.21055640982966944,0.08893575562950644,0.08893575562950644,0.1629303043132558,3.084958920777369,0.043064108787043066,0.07782897995893168,0.0181122453088041,2.6283586025238037,0.6512231230735779,0.1903819441795349,0.7283896803855896,0.06540394574403763,0.3647806644439697,0.24467909336090088
52,3.180062076143539,0.2593916890773219,0.07538331304446534,0.07538331304446534,0.1381022294974605,4.532474083498898,0.05364418641832108,0.20383515221637807,0.02492184402551636,2.4870564937591553,0.6486525535583496,0.20426583290100098,0.4970659017562866,0.08334509283304214,0.27296897768974304,0.30833256244659424
53,1.8375322253553616,0.1780078524031117,0.01680910272295652,0.01680910272295652,0.030794276188456347,2.2621988844750964,0.04970312939064977,0.2783928806820267,0.027543019128737606,2.9617185592651367,0.6199972629547119,0.17244523763656616,0.7757555246353149,0.06289185583591461,0.13846540451049805,0.23051881790161133
54,1.3652239234040355,0.1657146682716013,0.011534030243135445,0.011534030243135445,0.021130343405424135,3.520718049106823,0.04344134185821203,0.2106396649515946,0.0372457359489345,3.1274166107177734,0.6247682571411133,0.16189351677894592,0.5455117225646973,0.06738397479057312,0.13292045891284943,0.19412901997566223
55,0.30561781059384296,0.11994211840361596,0.0024895935101764215,0.0024895935101764215,0.004560935310643204,2.9783916403553716,0.0621091732863417,0.06882116314188512,0.012224077218146522,3.509645700454712,0.8422462940216064,0.14304430782794952,0.5896883606910706,0.029999999329447746,0.1786746233701706,0.10501515865325928
56,3.021360793708388,0.20104865914783634,0.01827760416698607,0.01827760416698607,0.03348457083391848,1.9537387894928373,0.0339982059983904,0.27242648454316076,0.006106628667552747,3.156453847885132,0.6545197367668152,0.16243386268615723,0.8481155633926392,0.040561743080616,0.47671622037887573,0.19309017062187195
57,2.2310350076572,0.2006895959623612,0.05321501733509846,0.05321501733509846,0.09748991175790038,4.0229821430615,0.07382919859355912,0.15139613796456153,0.027557512956517715,2.5835683345794678,0.6013703346252441,0.19408267736434937,0.8892310261726379,0.07743228226900101,0.1533457636833191,0.29444974660873413
58,4.322018270421005,0.2164364970135298,0.036953929217854606,0.036953929217854606,0.06769959832710964,2.5125270653981993,0.06963350882561378,0.10892943148177069,0.026297081468029435,3.833533525466919,0.8013238310813904,0.13371354341506958,0.36233898997306824,0.029999999329447746,0.13535206019878387,0.0937480628490448
59,0.36133388868577054,0.11322903538790899,0.0019888430852102144,0.0019888430852102144,0.003643560532105113,3.615801283826206,0.08817803449938194,0.257233094619271,0.04742587016897877,3.1195476055145264,0.6325427293777466,0.1624230444431305,0.29015716910362244,0.061451565474271774,0.1694091558456421,0.19083015620708466
60,2.8745148599816277,0.2631225885089781,0.04137791119983785,0.04137791119983785,0.07580433331810295,3.112145701769409,0.0644882213403218,0.2188821594865748,0.027742174711538836,3.065497398376465,0.6554362177848816,0.16327349841594696,0.5258548259735107,0.05973314493894577,0.23038603365421295,0.21649980545043945
61,0.04923400891312473,0.06544142775714747,0.00018290424270694505,0.00018290424270694505,0.0003350805726391233,4.181371700228077,0.04146430671728011,0.050157949852568495,0.0321635038079206,4.396960735321045,0.6650282740592957,0.11545777320861816,0.2097562700510025,0.039575040340423584,0.10000000149011612,0.07744446396827698
62,1.2938388990894734,0.16000311143748477,0.021271804111903853,0.021271804111903853,0.03896994513300786,4.30073012253632,0.08716637830420743,0.17798433782460707,0.019597960782347993,2.542388677597046,0.6095631718635559,0.20162233710289001,0.5218426585197449,0.07482901215553284,0.2956876754760742,0.29106077551841736
63,1.961218523209892,0.18963005089627905,0.019011656566221804,0.019011656566221804,0.03482935482931834,2.633836844322478,0.05048770119967736,0.2206227750500285,0.01298097209744056,3.0523858070373535,0.6165263652801514,0.16682498157024384,0.6584718823432922,0.05486350879073143,0.17205138504505157,0.21905091404914856
64,0.5788626916889362,0.11935591453891867,0.0035664761739422216,0.0035664761739422216,0.00653378435066215,4.182974313057828,0.0944492777986213,0.16005405292496677,0.010583159674305573,3.3351330757141113,0.6657513380050659,0.15018005669116974,0.44889727234840393,0.0533716194331646,0.22792841494083405,0.16124707460403442
65,0.5928262991079732,0.13729828940984595,0.004494795589550183,0.004494795589550183,0.008234465520055936,3.0592975756487713,0.05644440883858477,0.22201701019344147,0.015147434870660705,2.9860849380493164,0.661787748336792,0.16807380318641663,0.3913111090660095,0.06510107219219208,0.26659414172172546,0.21560733020305634
66,4.354402801450708,0.2522047401187692,0.18898174954166913,0.18898174954166913,0.3462145651603379,1.7219576374127366,0.0737890598455948,0.19636876667807227,0.015367662032338802,1.8164341449737549,0.7999959588050842,0.28019577264785767,0.8496667146682739,0.05174480378627777,0.3513707220554352,0.29332274198532104
67,0.17100088232125146,0.07808241240693498,0.0006577568446585478,0.0006577568446585478,0.0012050105394144596,1.7957286249734052,0.042832653453873035,0.2160642342516751,0.04175018817422233,2.9269766807556152,0.7349861264228821,0.17092710733413696,0.5066075325012207,0.05085344985127449,0.1506807655096054,0.16882562637329102
68,2.0117800908729557,0.16764086059590855,0.021316799955501897,0.021316799955501897,0.039052377518479474,3.3364316387585045,0.07510425804320978,0.14083701277124658,0.024043113820079863,3.238848924636841,0.6233002543449402,0.15512318909168243,0.5937281250953674,0.05508008599281311,0.13995906710624695,0.16989389061927795
69,1.9459746615411961,0.20920512503517139,0.010004052219234363,0.010004052219234363,0.018327423665637353,1.784576307673698,0.052613830347776495,0.13203160914127135,0.026022971567715197,3.984353542327881,0.7610496878623962,0.12625417113304138,0.24593383073806763,0.031421296298503876,0.1660309135913849,0.08455906808376312
70,1.3966941921767762,0.1545399622703706,0.020445924971200083,0.020445924971200083,0.03745693454723855,4.6642437279168245,0.031074093891689945,0.08725710137883608,0.010504731993945625,2.716588020324707,0.6244983077049255,0.18438822031021118,0.6133562922477722,0.06816843152046204,0.3264896869659424,0.2206997126340866
71,0.2942027673577361,0.1056696930134572,0.006382408115060013,0.006382408115060013,0.011692571666789943,3.9640065574533185,0.09362282412129101,0.1186165086711673,0.04087880979096459,2.4133095741271973,0.6248621344566345,0.2148958444595337,0.6189236640930176,0.09174418449401855,0.213484525680542,0.31578418612480164
72,0.4549064645378312,0.13329234528330935,0.0025196257191676006,0.0025196257191676006,0.004615954317515045,2.0782691757767515,0.07384991826434639,0.19822517196021322,0.037333644542351614,3.2419402599334717,0.7559107542037964,0.15499934554100037,0.5526346564292908,0.037430863827466965,0.1487104296684265,0.13775984942913055
73,0.06940751533361685,0.0553983318051316,0.00017470738954620735,0.00017470738954620735,0.00032006393764865185,1.8843929376668442,0.07554530560979512,0.10725792734861832,0.028010507608715565,3.250267267227173,0.8630881309509277,0.15706147253513336,0.3010845184326172,0.04280387982726097,0.2011532187461853,0.12918762862682343
74,0.7551152290447385,0.10927809508369861,0.007819349580693375,0.007819349580693375,0.014325048431830264,1.5650881254516973,0.03437025623833466,0.2776595913824704,0.04977696818167895,2.3656458854675293,0.6364202499389648,0.21179945766925812,0.8329228162765503,0.056094955652952194,0.16603983938694,0.32255905866622925
75,0.9902903224353138,0.14519604489587032,0.01994203554965815,0.01994203554965815,0.03653380912697373,4.598955600038732,0.03111297947646988,0.146114031489124,0.024709575708170294,2.353797674179077,0.6000000238418579,0.21449248492717743,0.3451099097728729,0.09439419209957123,0.3559296429157257,0.3378416895866394
76,2.0457369733421746,0.20061960946937496,0.05464048594115072,0.05464048594115072,0.10010137024418812,1.7238151403085014,0.08463830281741297,0.030642633697311555,0.027401999798836525,2.253269672393799,0.8881791234016418,0.26976820826530457,0.8606078624725342,0.06652922183275223,0.27178260684013367,0.29572317004203796
77,1.7798516273894343,0.1548686952925732,0.007342760685646015,0.007342760685646015,0.0134519375761035,1.5913043737244048,0.05850825754936785,0.18834323196627797,0.011982042769664573,3.1253535747528076,0.8227487206459045,0.1624588817358017,0.49576514959335327,0.03093262016773224,0.1599079668521881,0.11893453449010849
78,3.533397912582732,0.24572493986908633,0.06240282517674508,0.06240282517674508,0.11432197572379699,4.526877853565913,0.0628408439118076,0.153128574817498,0.022522449043984722,2.7449190616607666,0.6755691766738892,0.18856577575206757,0.39651787281036377,0.06469094008207321,0.22132982313632965,0.23926764726638794
79,1.003089029673135,0.1663811966814159,0.006761638600031048,0.006761638600031048,0.01238732191525688,2.987861099539523,0.09141049727020856,0.21856456445278438,0.04363843575064483,3.6713998317718506,0.6097771525382996,0.13741807639598846,0.5631066560745239,0.052229203283786774,0.11651459336280823,0.14869475364685059
80,0.2983096107218061,0.10565966818882169,0.0030016439612550218,0.0030016439612550218,0.0054990117370192,3.7190970797179843,0.03191277418455186,0.13600291737351589,0.04324469272085802,2.853792667388916,0.6309993267059326,0.17588379979133606,0.4129840135574341,0.08430209010839462,0.17445217072963715,0.2232019603252411
81,0.6824199134467233,0.11252311864266402,0.0046309535927044326,0.0046309535927044326,0.008483906981834521,3.848638110214582,0.07766555339230873,0.05550225044952823,0.019874508808004406,3.978018283843994,0.7704493999481201,0.12798000872135162,0.566245973110199,0.029999999329447746,0.1522151529788971,0.08732562512159348
82,3.914210223546669,0.21593137952983044,0.01821177140253371,0.01821177140253371,0.03336396520944176,1.6207471404789795,0.07827353617517885,0.1146512822825005,0.005621231372745005,3.344466209411621,0.6628952026367188,0.15011779963970184,0.8331180810928345,0.030914166942238808,0.353252649307251,0.12217758595943451
83,3.0708442643777447,0.20916600574280536,0.1021963570470592,0.1021963570470592,0.18722372611021249,4.583907126477882,0.07870243524197282,0.1778776174912555,0.03182867023330343,2.137899875640869,0.6160247921943665,0.23655831813812256,0.6487454771995544,0.11396075785160065,0.33075156807899475,0.3997616767883301
84,0.6609571226312602,0.1389817356755103,0.013155208799955041,0.013155208799955041,0.024100342521517635,4.961798864651785,0.08416241240237134,0.21191699922615434,0.023963581611316332,2.2409110069274902,0.6110249757766724,0.2234109491109848,0.933112621307373,0.09916001558303833,0.2066488415002823,0.3994685411453247
85,0.6001066502862099,0.12444425998817374,0.017413037734873432,0.017413037734873432,0.03190068513028813,1.5210633516425216,0.04831812405261425,0.23776364054840912,0.01691580668383092,1.500319480895996,0.9486618041992188,0.3398958444595337,0.594294011592865,0.04756074771285057,0.5,0.3973729610443115
86,0.8700054217281319,0.12321305486979524,0.016302483459211963,0.016302483459211963,0.029866149697276318,1.8118965930769668,0.04133642314449078,0.17054917018997207,0.019523192302294136,2.3487493991851807,0.6294965147972107,0.21604691445827484,0.7763249278068542,0.0585983507335186,0.15405984222888947,0.31183141469955444
87,2.2108267535042194,0.20078438879317678,0.04412785363736386,0.04412785363736386,0.08084222786365058,2.368528121152672,0.0694272807334584,0.1573327272989598,0.033302127295681196,2.739595413208008,0.6522971987724304,0.1838502585887909,0.38808006048202515,0.06106942147016525,0.18907120823860168,0.217893585562706
88,0.5972624762101668,0.15928174681377988,0.006384442128326007,0.006384442128326007,0.011696297979093245,4.823751554659719,0.06702399146398888,0.2212589354250628,0.032876053560480234,2.8776838779449463,0.6759535074234009,0.17598794400691986,0.6209231019020081,0.0719446912407875,0.16416187584400177,0.24210020899772644
89,0.04902729036630587,0.05713919267125366,9.975114150843506e-05,9.975114150843506e-05,0.00018274409124345304,1.586467416270438,0.03571462325924339,0.26559662576423015,0.032166686630173094,2.845137596130371,0.6962606906890869,0.1786232888698578,0.2230658233165741,0.03580895811319351,0.2439555674791336,0.15646570920944214
90,0.05131826034926856,0.057038564567410875,0.00016644311592943638,0.00016644311592943638,0.00030492378838272745,4.316474242337712,0.046651185553871176,0.1358377294903075,0.009259076771236958,3.3597967624664307,0.738771915435791,0.14903296530246735,0.24606101214885712,0.05466534569859505,0.21507355570793152,0.12904173135757446
91,0.13012303705915015,0.09166710601813814,0.0009315580152539494,0.0009315580152539494,0.0017066142839452356,3.8675567348026325,0.06774734657320866,0.11709001043387827,0.024157255676351637,3.2917542457580566,0.6482872366905212,0.1548893004655838,0.5580584406852722,0.06493965536355972,0.13348929584026337,0.16016273200511932
92,0.04986288749404281,0.0669074829699629,0.00015497012215556536,0.00015497012215556536,0.00028390526378899573,2.3120651297133277,0.039652570438332396,0.24115664751863572,0.04933344375357362,3.434701919555664,0.6919236183166504,0.15087750554084778,0.20858342945575714,0.04876772686839104,0.12281728535890579,0.13885073363780975
93,0.27395211034315164,0.09401707061079999,0.0028021892023368856,0.0028021892023368856,0.005133610618681174,4.261685227500086,0.09615971948462139,0.07077843856937055,0.01971141729416728,2.9047415256500244,0.7763124108314514,0.17251597344875336,0.39924123883247375,0.03604084998369217,0.19518175721168518,0.1484752893447876
94,0.8074413470615673,0.1449139230599947,0.004355826381911633,0.004355826381911633,0.007979873931662112,2.8927635926456223,0.08778452386983461,0.20678104044843787,0.030222476081201113,3.5498223304748535,0.6567424535751343,0.1426008939743042,0.4587847888469696,0.04216444864869118,0.24193473160266876,0.14562931656837463
95,0.7080715086936209,0.13186004777620605,0.00242204803186271,0.00242204803186271,0.004437191994372485,1.59033287782771,0.08345276768635373,0.17635273986315395,0.023257597108719063,3.0659823417663574,0.6883994340896606,0.16516464948654175,0.3635663092136383,0.03297276794910431,0.1779966950416565,0.14128053188323975
96,0.07719712431767699,0.06053049251309667,0.00036700563721445796,0.00036700563721445796,0.000672354327376887,2.938701247168524,0.05159276376721059,0.26093419605828566,0.009367685848739994,2.7732176780700684,0.6524944305419922,0.18078264594078064,0.9084699153900146,0.0688033252954483,0.1307258903980255,0.24986040592193604
97,1.8666729265330444,0.18271639436005963,0.02483631659057709,0.02483631659057709,0.04550013199393723,3.6676581614091095,0.05391279131609106,0.1407254151907037,0.03379242628900612,3.1848230361938477,0.6403002738952637,0.1576266884803772,0.409827321767807,0.06663721054792404,0.1533941924571991,0.19212107360363007
98,0.16509463960827245,0.07368399439863131,0.0007382074814913458,0.0007382074814913458,0.0013523961060921456,3.6379918872429213,0.09369147311338759,0.08389277789967226,0.016530062830929938,3.773705005645752,0.7736610770225525,0.13345536589622498,0.23169106245040894,0.032148219645023346,0.1240365207195282,0.0940282866358757
99,0.06185422816892277,0.051591803556072,0.0004949518768157299,0.0004949518768157299,0.0009067518383264173,4.019876498567751,0.09486910396873753,0.14036471676270817,0.019843949130253797,2.4314777851104736,0.7317529320716858,0.21438398957252502,0.9667747616767883,0.07297015935182571,0.21634487807750702,0.24374663829803467
100,0.041486832029111624,0.05473985095578204,0.0005365434973380111,0.0005365434973380111,0.0009829476871232362,4.959917676113561,0.050854041728656915,0.12335421271963923,0.04401003571236182,1.919004201889038,0.8166137933731079,0.2612757384777069,0.47728219628334045,0.11027203500270844,0.22431984543800354,0.30982017517089844
101,1.606718627197286,0.19950971413180266,0.03013632016494227,0.03013632016494227,0.05520973854217424,3.8618065103402577,0.07821037003823397,0.03973694328017717,0.028047758226350302,3.616394519805908,0.7254061698913574,0.1396566927433014,0.9929978847503662,0.033284593373537064,0.10201485455036163,0.11066000163555145
102,2.524190092519615,0.21774966864985631,0.023141467478079356,0.023141467478079356,0.04239516841984138,1.9614553013998068,0.05280535677882485,0.24664595650625717,0.031132569543104335,3.1753180027008057,0.6518959999084473,0.15882448852062225,0.4078124463558197,0.059145260602235794,0.1790902465581894,0.17260025441646576
103,4.082019971780611,0.22916315279064778,0.08282298613890729,0.08282298613890729,0.15173171060647817,2.076297183990397,0.09375352604595587,0.1754067704852384,0.008305675555652437,2.6429905891418457,0.7875562906265259,0.190668985247612,0.9043115377426147,0.041374702006578445,0.4525607228279114,0.18734228610992432
104,2.6845314621211283,0.21015790983905014,0.06767153517587621,0.06767153517587621,0.12397425244220521,1.6884201189652368,0.039238548746113884,0.19134339001588402,0.010258272084586711,2.2130391597747803,0.6733955144882202,0.22831794619560242,0.9386675953865051,0.05417253077030182,0.39171358942985535,0.30089110136032104
105,1.1117603570153725,0.1304621249225386,0.005001163894842844,0.005001163894842844,0.009162132255352092,1.9047544106410865,0.04985836324093632,0.2248372602399029,0.03072127454157516,3.510808229446411,0.7146934270858765,0.14587493240833282,0.2658364772796631,0.04238927364349365,0.18231302499771118,0.1406538188457489
106,3.8967991034254066,0.24810031936845237,0.09284503501852469,0.09284503501852469,0.17009210415393725,3.921680478435183,0.09682012640513764,0.051402880159253955,0.024295139140499643,3.420423984527588,0.649749755859375,0.15055885910987854,0.3654613494873047,0.036089733242988586,0.35352054238319397,0.1253785341978073
107,3.75457165441833,0.2555105546985376,0.06993305920785275,0.06993305920785275,0.12811736446878624,4.2359310628287306,0.06251859633419372,0.16306832907072083,0.03657112939013187,3.09602952003479,0.643388569355011,0.16771270334720612,0.3665127754211426,0.06683115661144257,0.21953745186328888,0.22431854903697968
108,2.504991975575943,0.21121129396966823,0.04715307665864884,0.04715307665864884,0.08638443643864467,4.509312153011051,0.03714850881461011,0.10389597395396721,0.01270595272291765,2.7415432929992676,0.6221115589141846,0.18291157484054565,0.7010970115661621,0.0661565512418747,0.24158558249473572,0.23241546750068665
109,0.030660418900724008,0.04734237148160667,7.378935074369093e-05,7.378935074369093e-05,0.0001351820905624418,3.885768708703254,0.06795549027201436,0.03186772801006353,0.005203319969896065,4.5,0.8414062261581421,0.11379791051149368,0.5416516065597534,0.031697165220975876,0.11365212500095367,0.07695295661687851
110,0.7549957700782216,0.1306635284466051,0.003608015251582579,0.003608015251582579,0.006609883940899285,2.9993650160378227,0.06320352756553635,0.07018151413059082,0.02739287497668214,4.456908702850342,0.7091735005378723,0.11605006456375122,0.5389561057090759,0.03057079203426838,0.1046413704752922,0.07641592621803284
111,0.651402085937499,0.15801674363673707,0.0025838156460146655,0.0025838156460146655,0.004733550263498867,1.6493173298921473,0.08695911582141869,0.11176166440158956,0.043429803311126246,3.2102980613708496,0.7544560432434082,0.15891487896442413,0.7769935727119446,0.032372068613767624,0.15679991245269775,0.13127584755420685
112,0.05750451753977926,0.05384522984092745,0.00011660248212101591,0.00011660248212101591,0.00021361574724570117,2.40339910669214,0.060538136537677464,0.07242785122647494,0.011972440769816782,4.338338375091553,0.8135062456130981,0.1181602030992508,0.9114485383033752,0.031456831842660904,0.14192204177379608,0.0756155252456665
113,0.050532159754662076,0.04992127034549422,0.00015188290352562063,0.00015188290352562063,0.000278249479258937,2.1306009394114005,0.04402811023937396,0.2851151573432281,0.03996610476522796,3.1474721431732178,0.6509384512901306,0.16431798040866852,0.22656840085983276,0.06491345167160034,0.16824094951152802,0.17612352967262268
114,1.840957648806851,0.1656559134255863,0.044579746404368834,0.044579746404368834,0.0816700954128037,4.266920054635381,0.07527514414239608,0.1954305591582914,0.03955325819565514,2.488616466522217,0.6023131012916565,0.20332284271717072,0.5831745266914368,0.096880704164505,0.17613275349140167,0.3861234188079834
115,0.37002784759259344,0.09532443335758212,0.002224463578175813,0.002224463578175813,0.0040752172752180895,2.6675124511247423,0.07233323994753034,0.13109942449858014,0.005189785625045948,3.327122688293457,0.6628120541572571,0.1510082334280014,0.8491449952125549,0.04177318513393402,0.44106340408325195,0.157487154006958
116,0.0655735341033791,0.05701162747103022,0.00018697440237746665,0.00018697440237746665,0.0003425371051555189,2.790377936270321,0.034143092610310226,0.2672375712360682,0.011080707724613639,3.0239572525024414,0.6546191573143005,0.16638405621051788,0.3916504383087158,0.06555993854999542,0.3052911162376404,0.17845237255096436
117,1.4518785896597133,0.1754369333293649,0.033006140830140585,0.033006140830140585,0.060467250000817555,3.1207209010593155,0.08831240367063257,0.15315389143439045,0.04107459238781641,2.5931036472320557,0.6637417078018188,0.19341756403446198,0.5626410245895386,0.07568848133087158,0.14005817472934723,0.2709125876426697
118,1.2706242900387532,0.16104541843208567,0.018768028422460524,0.018768028422460524,0.03438302806994768,4.608345398429459,0.031913209937274784,0.24935145831165814,0.03197041233943698,2.4737863540649414,0.6217881441116333,0.20679964125156403,0.5543578863143921,0.08734671026468277,0.37629979848861694,0.3298386335372925
119,0.30022385557984077,0.08575522149588961,0.0018139582476833004,0.0018139582476833004,0.0033231715097558063,4.848447631921973,0.03267869669589819,0.150942995202062,0.024522140422015375,2.9972078800201416,0.6429789066314697,0.16773566603660583,0.5099583864212036,0.070607028901577,0.3283238410949707,0.2042054831981659
120,0.06120248246458713,0.0599049041609003,0.0001614125172173592,0.0001614125172173592,0.00029570773154220207,3.43373413802324,0.06492318228957336,0.06728727046565064,0.012861343588301495,4.372328758239746,0.7726148366928101,0.11463724076747894,0.3378099799156189,0.029999999329447746,0.1737482100725174,0.07253508269786835
121,2.10249925862486,0.19291196905438543,0.04387198766825084,0.04387198766825084,0.08037348140823554,1.6380628481173165,0.08219201339867044,0.2800094741418132,0.012458044048034009,1.8482246398925781,0.9427823424339294,0.27686458826065063,0.8257268667221069,0.0353475846350193,0.4927656352519989,0.2734611928462982
122,1.9537507555194424,0.16361556781212225,0.01954870631589349,0.01954870631589349,0.03581322997071688,3.7105998882327977,0.09838890833710291,0.1488997070570423,0.017055537699897993,3.4123926162719727,0.6091848611831665,0.14654719829559326,0.6749832630157471,0.04631848260760307,0.1269867867231369,0.16374273598194122
123,4.325209793943885,0.2392178906125026,0.059561582362955987,0.059561582362955987,0.10911681888893537,2.043624448116855,0.04228171810520718,0.104714219921645,0.034038255653003044,3.608248472213745,0.6297535300254822,0.1392698884010315,0.20953087508678436,0.03542443737387657,0.2683018743991852,0.1257164180278778
124,3.3387713093755176,0.22678297415106985,0.10059786855286199,0.10059786855286199,0.18429529518884316,3.6361382411291028,0.0566766850599601,0.07138907481199365,0.041098530063326914,2.887889862060547,0.624184250831604,0.17560158669948578,0.6620542407035828,0.06270255893468857,0.3047890067100525,0.2206297367811203
125,0.7799100918903565,0.1131850127990187,0.0031246277056183134,0.0031246277056183134,0.005724317956692751,1.529491255719499,0.03200158822591146,0.08513958399942081,0.006589772839107743,3.1371357440948486,0.7787352800369263,0.15949328243732452,0.7970969080924988,0.03214912489056587,0.24018050730228424,0.11584214866161346
126,2.0968819036983932,0.18583003475960924,0.03175138780228292,0.03175138780228292,0.058168542453782314,1.9306495291399577,0.08227798981031263,0.23421082541636465,0.04085772644070362,2.602609634399414,0.7188605666160583,0.19887100160121918,0.4117182791233063,0.046966902911663055,0.3177354335784912,0.2158491462469101
127,2.1540881634526414,0.16372590072020737,0.018424376063075627,0.018424376063075627,0.03375345694755455,3.4080126449516577,0.08638859600304347,0.054186895263116396,0.020729134110023667,4.01664924621582,0.7346106171607971,0.1270676702260971,0.3373837471008301,0.029999999329447746,0.15675829350948334,0.07960504293441772
128,3.1405883694695587,0.23219591461858788,0.020454388321789772,0.020454388321789772,0.037472439405518865,1.6893933649858577,0.08153940901743167,0.09749933868197215,0.01603016825117984,3.519171714782715,0.7736274600028992,0.14416468143463135,0.8910704255104065,0.029999999329447746,0.1796845942735672,0.11351384222507477
129,3.2300534050550715,0.22373510197818347,0.03453836586864898,0.03453836586864898,0.06327428627136493,3.8572317605339945,0.07298035566603706,0.2851071908453051,0.034951777801509126,2.914543867111206,0.6152731776237488,0.17187601327896118,0.5547476410865784,0.06489307433366776,0.21722662448883057,0.23523938655853271
130,3.417252454980999,0.23837963145499272,0.07211530470459049,0.07211530470459049,0.13211523821880977,4.518849050301068,0.06486406715725843,0.0943588920155058,0.034562926693219746,3.0139031410217285,0.6200388669967651,0.17107026278972626,0.4240809381008148,0.054950304329395294,0.27981099486351013,0.1965479850769043
131,0.057648746477684254,0.05937312059795217,0.00016939927740657366,0.00016939927740657366,0.00031033947620884295,4.131665033737586,0.06917280754011146,0.09772347592113018,0.036803047355229816,3.7269880771636963,0.7022759318351746,0.13517244160175323,0.24614188075065613,0.035401687026023865,0.1938248574733734,0.09501902759075165
132,4.699371771493364,0.2681514388002293,0.07878429039391081,0.07878429039391081,0.14433282000164463,4.474143221253586,0.06680709395752708,0.11765386911194477,0.021429890047219645,3.2217841148376465,0.635688841342926,0.15771497786045074,0.46120697259902954,0.055001597851514816,0.22757697105407715,0.17399811744689941
133,1.1197697198071088,0.16791733911984455,0.011020556686006292,0.011020556686006292,0.02018965984876353,1.9880308516376624,0.07606725114359242,0.1203934683143651,0.025910926486044768,3.163231134414673,0.8209980130195618,0.16324616968631744,0.7260132431983948,0.03326251357793808,0.13149552047252655,0.12283100932836533
134,0.3610558614111128,0.0971331971596837,0.004847359945453427,0.004847359945453427,0.008880363420070678,2.4967900243313443,0.04521199894854151,0.16658874935533935,0.011173273168418004,2.3946099281311035,0.6368873715400696,0.2167140543460846,0.6342567801475525,0.09679296612739563,0.23023732006549835,0.3314400315284729
135,3.2120507450184292,0.23988090992483702,0.07914274247634785,0.07914274247634785,0.14498950421666926,2.000330227048644,0.09049894580545872,0.2304429677714068,0.028614634834672064,2.470313549041748,0.6974409818649292,0.207358717918396,0.9560856819152832,0.045305438339710236,0.16622591018676758,0.23972326517105103
136,1.597921054864546,0.19083587983677752,0.01672114748246201,0.01672114748246201,0.030633142187870402,2.756614992505705,0.06038456675043827,0.08580967111331311,0.008490830007064586,3.541926622390747,0.6976944208145142,0.1440836787223816,0.608573317527771,0.03076513297855854,0.23583240807056427,0.11901523917913437
137,1.377105561887813,0.17949762997950663,0.04609111569541316,0.04609111569541316,0.08443892395399691,3.546111467946791,0.0841127552961598,0.11433210187059716,0.014098931114647877,2.1256420612335205,0.6729602813720703,0.23772519826889038,0.6322139501571655,0.09002251923084259,0.4367562532424927,0.3303104341030121
138,0.3053468357132834,0.09946774157085106,0.0026051713069578713,0.0026051713069578713,0.004772673834346821,2.485115458526856,0.05180778722642712,0.11795869939039759,0.018045889191943363,3.2619190216064453,0.6381143927574158,0.1543617844581604,0.9431865215301514,0.05167059600353241,0.10239758342504501,0.17408359050750732
139,0.6567137297640633,0.12548505417120642,0.007583935764484297,0.007583935764484297,0.013893770320535234,3.5833416885365956,0.06338406786757272,0.19157687705778875,0.006000301449689513,2.3360626697540283,0.6162946820259094,0.22041115164756775,0.8480581045150757,0.07698454707860947,0.30860933661460876,0.3066239356994629
140,0.03179281758851539,0.046162489765382245,3.8690502523021104e-05,3.8690502523021104e-05,7.088100062217466e-05,2.0999113494185186,0.0381525392801563,0.15093421927039463,0.01885185067353121,4.271999359130859,0.6905961632728577,0.11944112926721573,0.7297999262809753,0.029999999329447746,0.179326593875885,0.08403179049491882
141,0.6811784474511502,0.13644029506285754,0.005333780680125431,0.005333780680125431,0.009771486205989789,2.4173955646531065,0.09362422988820046,0.24842060712914998,0.044297478906163985,3.0816404819488525,0.7012736797332764,0.16278190910816193,0.5517568588256836,0.060463521629571915,0.10515262931585312,0.18685859441757202
142,0.156790495837562,0.07848557114890076,0.0007734157344587605,0.0007734157344587605,0.0014168976255284492,2.6855817927114294,0.05430767204735137,0.03772444221925733,0.044172912437326836,4.273169040679932,0.7934935688972473,0.12033337354660034,0.35222917795181274,0.03282402455806732,0.10542939603328705,0.07975918054580688
143,0.08410546934196061,0.06338797079607018,0.0005682350021390421,0.0005682350021390421,0.0010410065239187252,3.570528593712312,0.0769579684453136,0.24816231775930597,0.036069328631121035,2.5228867530822754,0.6548559665679932,0.20284226536750793,0.39849573373794556,0.09027638286352158,0.19039960205554962,0.27380451560020447
144,3.1418974896860203,0.23250612124894002,0.06708082814977497,0.06708082814977497,0.12289207717038775,4.704058029599535,0.048904232593086336,0.13529009713394072,0.02098527265413214,2.5819849967956543,0.6258598566055298,0.19430561363697052,0.5039479732513428,0.08190739154815674,0.2868110239505768,0.2559737265110016
145,0.07044730930236646,0.06807516342681698,0.0003270356444062879,0.0003270356444062879,0.0005991293005523195,3.7252791091401782,0.056132785343682295,0.03577893087326487,0.04954068818823459,4.188227653503418,0.6886606216430664,0.12002105265855789,0.680308997631073,0.03213520720601082,0.20822292566299438,0.08540263026952744
146,2.3614493331961204,0.2406426811306743,0.05154846881085329,0.05154846881085329,0.09443679486148322,4.892902588413298,0.0389340192961234,0.15085942226788446,0.030592958093045703,2.705810070037842,0.6925213932991028,0.1915004551410675,0.6687900424003601,0.07510633021593094,0.2150910496711731,0.2579917907714844
147,1.7223364367840597,0.17070955277879732,0.014808127429025278,0.014808127429025278,0.02712848944997431,1.8128140265144088,0.06017595190740131,0.1729554006008066,0.00823059241004808,3.2372264862060547,0.6463973522186279,0.16215869784355164,0.7912424802780151,0.031364791095256805,0.23368316888809204,0.15042871236801147
148,0.03825089272682627,0.05742037411229643,0.0003969765442989705,0.0003969765442989705,0.000727261029155714,3.936742265872348,0.0691190937406882,0.1329925192760799,0.020759430762329896,2.266585111618042,0.7593685984611511,0.2256445586681366,0.4710521399974823,0.07706080377101898,0.117433562874794,0.2421964406967163
149,3.4649908885094343,0.24147587860827166,0.06345129740190446,0.06345129740190446,0.11624277684028897,2.3425509449043496,0.07241851608266349,0.04173761071182562,0.021811802487506613,3.4935946464538574,0.7965701222419739,0.14577259123325348,0.6392183303833008,0.04174249619245529,0.22319214046001434,0.12003029882907867
150,1.7574061814279363,0.18678226677129525,0.02300571091742224,0.02300571091742224,0.042146462400717545,4.3697384477157195,0.0876558912368135,0.10865655319612393,0.039020939007029506,3.572227954864502,0.6000000238418579,0.14103226363658905,0.26854491233825684,0.05238403007388115,0.22046270966529846,0.15244847536087036
151,1.0755912286898346,0.1527700486991259,0.03364866273900479,0.03364866273900479,0.06164435013785678,2.016454027540351,0.04181117656082758,0.13571088492079555,0.027952990537315342,2.199204206466675,0.6346755027770996,0.2281922549009323,0.8865019679069519,0.0925258994102478,0.2427511215209961,0.3534190356731415
152,0.30053638858437076,0.09547772761239726,0.002460403591645089,0.002460403591645089,0.004507459379893803,1.8645260596316697,0.0351248674752575,0.08019884932415935,0.02548472174597004,3.235215902328491,0.7220156788825989,0.1628578156232834,0.3186255395412445,0.03322862088680267,0.10278143733739853,0.12929219007492065
153,0.4071612718710878,0.09935736988902898,0.0015011446835024296,0.0015011446835024296,0.002750097060176451,2.031285752660706,0.04917115665013451,0.04402536946103747,0.025149242452322647,4.3453474044799805,0.7203335762023926,0.11576671153306961,0.22310984134674072,0.030501119792461395,0.15916113555431366,0.06918472051620483
154,0.2098107821656313,0.0931200572286992,0.0016201087533370016,0.0016201087533370016,0.002968039236113387,2.5396196838823144,0.04389313004095772,0.053639967653882084,0.04860993785281916,3.8103346824645996,0.7495072484016418,0.13376641273498535,0.24216656386852264,0.03062877245247364,0.10393188893795013,0.09962360560894012
155,0.05606446781604508,0.06166486455565731,0.00011501026492850804,0.00011501026492850804,0.00021069880534902675,2.104248862635014,0.0798927481590899,0.2376980131710871,0.008062194520056583,3.5412983894348145,0.7648846507072449,0.1441151648759842,0.6394152641296387,0.03747643902897835,0.12629298865795135,0.10979857295751572
156,4.371239994977903,0.2487130645018046,0.06747557199953871,0.06747557199953871,0.12361524790315492,2.963201622292748,0.03921943705403009,0.2320492412039811,0.042930397867515666,2.9236207008361816,0.6839359998703003,0.1733379065990448,0.5328346490859985,0.0680760070681572,0.17444418370723724,0.2355547845363617
157,2.725671533534619,0.2502027931950266,0.015647977232623952,0.015647977232623952,0.028667094290167082,1.5429148985274337,0.06462448827334281,0.13301687093657336,0.01562719770939623,2.798476457595825,0.8928545117378235,0.1837417334318161,0.6037322878837585,0.03050796128809452,0.30264532566070557,0.13290484249591827
158,3.254999547977421,0.2305427828608624,0.15108115055919114,0.15108115055919114,0.27678066782443816,3.4736561248008626,0.0938664729430083,0.04820144828978715,0.016176958683484226,2.3467471599578857,0.8345924615859985,0.2171993851661682,0.8068907856941223,0.05071305111050606,0.33727920055389404,0.20926275849342346
159,0.3435654977569029,0.11585741520554457,0.004229730097097432,0.004229730097097432,0.007748865537882495,3.884170438009393,0.05603101420380366,0.10848880943429891,0.008564746898110407,2.6804511547088623,0.6585515141487122,0.19190563261508942,0.7860164046287537,0.06817068159580231,0.22600962221622467,0.23931531608104706
160,0.02131912307582471,0.03928871886159168,5.264286496839952e-05,5.264286496839952e-05,9.644172862210793e-05,4.847037458252684,0.0689057949020914,0.0940373762839434,0.024067747671960658,4.225548267364502,0.668487548828125,0.12940508127212524,0.5010731816291809,0.037130020558834076,0.19774992763996124,0.1029789075255394
161,0.780331090002737,0.12951615443463904,0.007726449896720459,0.007726449896720459,0.01415485621079188,4.492286875610219,0.0357834873291215,0.21744418524606454,0.023051981304961673,2.7427597045898438,0.6202815771102905,0.1831662803888321,0.37917011976242065,0.07536960393190384,0.21087129414081573,0.2645137906074524
162,1.1399137162545872,0.16086406363485292,0.012474458199392363,0.012474458199392363,0.022853207421286808,2.939353708660869,0.05968801568973241,0.11247613911169284,0.015518489849562538,3.3817825317382812,0.6278762817382812,0.14969265460968018,0.8596387505531311,0.0465119369328022,0.12925395369529724,0.1593712419271469
163,2.743457909944087,0.20635609016092404,0.014105478803323756,0.014105478803323756,0.025841237167689123,1.7270452329945856,0.06997660844248788,0.14128294032972752,0.04068370181024206,3.623457908630371,0.7880282402038574,0.14132829010486603,0.966617226600647,0.029999999329447746,0.10123949497938156,0.09970443695783615
164,0.6163689378481398,0.15316264558527765,0.008372305899981019,0.008372305899981019,0.015338064408765227,1.9456636342636104,0.06880484252213809,0.22243273349748824,0.018936630485998012,2.696176052093506,0.6710041761398315,0.18765854835510254,0.6606329679489136,0.05133780464529991,0.1870698779821396,0.23140673339366913
165,1.7789578959254913,0.19826624662465525,0.01786645624945465,0.01786645624945465,0.03273134784900092,1.8913185626220699,0.04261040850946923,0.21545796884428234,0.04754088237143833,3.4131107330322266,0.6296859383583069,0.15145716071128845,0.5192161798477173,0.05137098208069801,0.1319124400615692,0.17176958918571472
166,2.529773968674458,0.23074637732946754,0.02715988533997412,0.02715988533997412,0.04975690994283259,2.749903017069026,0.09953415416767684,0.2799944644761819,0.03918442659061251,3.1227259635925293,0.6463961601257324,0.16228123009204865,0.3729839324951172,0.05383286997675896,0.139045849442482,0.1955103725194931
167,0.3701963921345858,0.11149961103051152,0.003192658449273917,0.003192658449273917,0.005848950279069816,3.7979222973344857,0.047731821546824,0.25213175289229717,0.005328591456242243,2.2992115020751953,0.6706816554069519,0.2206333875656128,0.8078681230545044,0.07907382398843765,0.4237411618232727,0.33430108428001404
168,0.10871932273962623,0.07859467019695239,0.0011557002704140383,0.0011557002704140383,0.0021172428953985184,3.425160988671214,0.08390410844655133,0.07500931893000207,0.018182471339783665,2.73565936088562,0.7259834408760071,0.18418873846530914,0.3718552589416504,0.04165007919073105,0.13658110797405243,0.15840110182762146
169,0.08436778449725588,0.06233373987440435,0.00046474512405671984,0.00046474512405671984,0.0008514130672719108,3.9537526782586694,0.06609908513971274,0.2977058014759194,0.037760540103113006,2.552929401397705,0.6007194519042969,0.1976068615913391,0.6443246603012085,0.0873047336935997,0.18355688452720642,0.2836787700653076
170,0.13151395687794304,0.06806239778523712,0.0002949685075024023,0.0002949685075024023,0.000540382305744401,2.5023057013743024,0.06010202141486691,0.1346511553953787,0.04490393665543708,4.197205543518066,0.6731823682785034,0.11920793354511261,0.27422845363616943,0.039598047733306885,0.11110977828502655,0.08798852562904358
171,0.12606600136698562,0.0628363720465117,0.0004962355644944435,0.0004962355644944435,0.0009091035541538206,3.0646748132378607,0.08588532361638236,0.16556588005789533,0.010575935896243347,3.233085870742798,0.6928924322128296,0.1559457927942276,0.4235612154006958,0.058001767843961716,0.1591213047504425,0.15332816541194916
172,0.749190211144078,0.11636714476482467,0.00225195201859777,0.00225195201859777,0.004125576098071114,1.7506663243076575,0.07806913915633387,0.21669640917629326,0.0161247146237764,3.5506904125213623,0.6980978846549988,0.14332355558872223,0.6857296228408813,0.029999999329447746,0.11923006176948547,0.1080656498670578
173,0.1457922528925164,0.0864123512384961,0.0003263584080513776,0.0003263584080513776,0.0005978886035501237,2.0920701334537224,0.03416592898183,0.055724652431713845,0.03813619964575438,4.5,0.6555408239364624,0.11308244615793228,0.23677575588226318,0.03218207135796547,0.1390329748392105,0.06755279004573822
174,0.2509729255069085,0.09488321725895928,0.0013948771117400687,0.0013948771117400687,0.002555414868707806,3.2691041712929403,0.040705401200866666,0.1511589634138259,0.023342566787334783,3.3275275230407715,0.6857785582542419,0.15031899511814117,0.5119600892066956,0.062334492802619934,0.10471170395612717,0.163934588432312
175,0.7775253778403122,0.1915902192923444,0.009093362408769604,0.009093362408769604,0.016659039932865913,1.65494342345271,0.09354324555616489,0.22383282810237012,0.017431354911422507,2.4761290550231934,0.9248331785202026,0.22340746223926544,0.9472664594650269,0.03638181462883949,0.29497042298316956,0.19534818828105927
176,4.635885245264409,0.2644305252146264,0.045464643141517234,0.045464643141517234,0.08329122623525957,3.1560197825787393,0.05138855087169124,0.2325316769697902,0.033078000149849546,3.4768118858337402,0.6108344197273254,0.1476859450340271,0.31396403908729553,0.05525066703557968,0.29148685932159424,0.17016556859016418
177,4.58060814011268,0.2819820213007948,0.08298906460523278,0.08298906460523278,0.15203596635678646,4.860829499999014,0.03813253233486945,0.298765901411003,0.04833326144097167,2.6168274879455566,0.6120288372039795,0.19305020570755005,0.5946201086044312,0.07651598751544952,0.26434847712516785,0.296753853559494
178,4.256895457427139,0.241623119197395,0.11406353976813575,0.11406353976813575,0.20896440485522472,4.415954783137023,0.09113863772085967,0.23948808173476335,0.014962239479367867,2.183337688446045,0.6196386218070984,0.2296162247657776,0.6084072589874268,0.09054992347955704,0.4521195888519287,0.38461050391197205
179,0.06619380779273851,0.060849676648474266,0.0001270047829056352,0.0001270047829056352,0.0002326727622831237,1.9453839719504833,0.05196147944467805,0.27650132452900045,0.0074137164192426466,3.5224478244781494,0.623653769493103,0.14406023919582367,0.26794588565826416,0.044117216020822525,0.1463485062122345,0.12468310445547104
180,0.9738927446466058,0.15293334527355013,0.013254479075805408,0.013254479075805408,0.02428220566687551,4.233655409808351,0.08794038717263533,0.18060125087381979,0.009761644938872658,2.4860198497772217,0.640184223651886,0.2019263356924057,0.5359419584274292,0.06713961064815521,0.374002605676651,0.28152310848236084
181,0.022194743200406694,0.03796723294727001,5.022653677048053e-05,5.022653677048053e-05,9.201501536352033e-05,3.58388469507139,0.04809736295737214,0.04754390298264177,0.01943125090094739,4.474911689758301,0.8061094284057617,0.1142503023147583,0.26499858498573303,0.030722588300704956,0.1564892828464508,0.08368458598852158
182,0.10469734391507206,0.06612991418087584,0.0007303967767960469,0.0007303967767960469,0.001338086895090358,2.7218967240910565,0.05511735441924212,0.1705065936995446,0.0217473066533181,2.6741232872009277,0.6954848766326904,0.18867340683937073,0.3010134696960449,0.07713760435581207,0.2153894156217575,0.23035681247711182
183,0.7161247125540561,0.12638742890457685,0.004903017693035234,0.004903017693035234,0.00898232841364055,4.328516732145209,0.059787473835671096,0.1457125589605443,0.02576745771216824,3.534907102584839,0.646669864654541,0.145259290933609,0.4737550914287567,0.0596165657043457,0.1694381684064865,0.1575041115283966
184,0.36571707894837896,0.10718290952968278,0.0012421023953265516,0.0012421023953265516,0.0022755315882382427,2.4077105128226646,0.07432663373291581,0.20584796620947102,0.020414405359715154,4.040103912353516,0.6054965853691101,0.12403648346662521,0.6543929576873779,0.036563653498888016,0.12172822654247284,0.1157262921333313
185,0.046311751722950184,0.0521367921301488,0.0001599493466908685,0.0001599493466908685,0.0002930272031376711,4.872978330390683,0.05105325651043566,0.1562782550565285,0.022518071333225954,3.347874402999878,0.6134128570556641,0.15169650316238403,0.3023126721382141,0.05786188319325447,0.10837648808956146,0.13918659090995789
186,0.4489808179512903,0.12636731424158174,0.0026164065214844922,0.0026164065214844922,0.00479325674735959,2.493951789138139,0.09529265967123172,0.18897906720708688,0.02414734076714034,3.3594748973846436,0.730629563331604,0.14933422207832336,0.27550333738327026,0.04754616692662239,0.13019216060638428,0.13236592710018158
187,0.12217175610942815,0.07325136229721912,0.0005403184045424236,0.0005403184045424236,0.00098986331712172,4.725939315626266,0.09377006709231701,0.26629552181852034,0.036971374708032204,2.859713077545166,0.6059979200363159,0.1758033186197281,0.5084735751152039,0.0659157857298851,0.10159026831388474,0.2214551866054535
188,0.23401538872879646,0.08589721575048917,0.000963582701171707,0.000963582701171707,0.0017652835085465674,3.982613619303039,0.07901146895870176,0.2525678360779025,0.025076247109330367,3.243662118911743,0.6114106178283691,0.15530455112457275,0.4828883111476898,0.0639011487364769,0.12029221653938293,0.18748192489147186
189,0.0208444982212381,0.04587775784045034,0.0001297028310126181,0.0001297028310126181,0.00023761558641511638,4.773419615776249,0.08934850357141857,0.039315975640570676,0.032586174666459085,4.162718772888184,0.7430261373519897,0.14060290157794952,0.2322324812412262,0.05343184992671013,0.10000000149011612,0.14504769444465637
190,0.048239974544995796,0.057569085735021265,0.00014544046987231257,0.00014544046987231257,0.00026644694080607664,4.358123893901395,0.09999334842550388,0.10857969624390813,0.025425726804599844,4.345102310180664,0.6021965146064758,0.11610950529575348,0.9343799352645874,0.03692406043410301,0.11088090389966965,0.09756690263748169
191,2.26096841198186,0.18383701403771238,0.06275655151154262,0.06275655151154262,0.11497000236914609,3.695272936740839,0.08464221701806357,0.03449619755873549,0.006535666854564728,2.9942758083343506,0.6457005739212036,0.1727580428123474,0.9996155500411987,0.04299965500831604,0.40940356254577637,0.16766461730003357
192,0.021518992215259065,0.04934909360739041,0.00021182768305143878,0.00021182768305143878,0.00038806831535023587,4.109746369946359,0.06112751315556075,0.1366224441242856,0.031859421333153684,2.1975955963134766,0.9031699299812317,0.22963546216487885,0.30257871747016907,0.07942961901426315,0.27828383445739746,0.23352371156215668
193,1.6892202303101405,0.1685793448531561,0.04210574290502752,0.04210574290502752,0.07713772100201043,3.1620582297693316,0.03978962846469789,0.12471474294017204,0.018680924428264092,2.260908842086792,0.6640381813049316,0.22265195846557617,0.866377055644989,0.0918223038315773,0.2224268764257431,0.3331226706504822
194,1.2614148448836806,0.1587536366452351,0.013629980395024667,0.013629980395024667,0.02497012408368519,4.517213073095951,0.053004139801612546,0.18306566322121742,0.03493599696197807,3.1542258262634277,0.6165801882743835,0.1587795913219452,0.7825171947479248,0.06790941208600998,0.10000000149011612,0.2150610387325287
195,1.4629292190403596,0.1687936507714883,0.02339324333840291,0.02339324333840291,0.042856421795954135,2.9763247806065705,0.07929381632724762,0.15169462287460123,0.01366473250701435,2.9708118438720703,0.6026461124420166,0.17099064588546753,0.6917039752006531,0.06356243789196014,0.1921568363904953,0.22669897973537445
196,3.4483494779911927,0.22910257437499773,0.03371068128884307,0.03371068128884307,0.0617579681211605,2.8961423521042278,0.07691856838089811,0.05157827682341226,0.03572435992900704,4.437732219696045,0.7368000745773315,0.11352953314781189,0.20000000298023224,0.03045581839978695,0.17070423066616058,0.0693708062171936
197,0.5161641728443673,0.1090409254250486,0.005378579692706874,0.005378579692706874,0.009853557997038994,1.999542406543929,0.07777009390469025,0.23693451555606823,0.00996225768858519,2.4661898612976074,0.7308487296104431,0.21074940264225006,0.7018533945083618,0.05323231592774391,0.1329796463251114,0.26780641078948975
198,3.601335449588186,0.22922471504434913,0.05112844347540614,0.05112844347540614,0.09366730844694406,3.510588308917582,0.032597407404842564,0.06389815044134081,0.016243225032269628,3.693561315536499,0.6822119951248169,0.13888435065746307,0.8693246245384216,0.04229329153895378,0.28994542360305786,0.14195305109024048
199,0.19483315119186181,0.0804623949925854,0.0006215275367961576,0.0006215275367961576,0.0011386384474105608,3.2824248580988704,0.06441238756563997,0.12685378130493702,0.008071694543263144,3.8436501026153564,0.6049202680587769,0.13172467052936554,0.464178204536438,0.04235714673995972,0.25084632635116577,0.11777319759130478
200,0.06263871598386732,0.06235703304833437,0.0007069187193905613,0.0007069187193905613,0.0012950750939235084,3.2874215921623096,0.09081938283445015,0.17558121480440364,0.03539319305460467,2.2175724506378174,0.7455981373786926,0.22656859457492828,0.3237003982067108,0.09141584485769272,0.17709867656230927,0.28634464740753174
201,4.289913022136407,0.247385988031399,0.07199020349151303,0.07199020349151303,0.13188605279645188,4.623252447214934,0.059116381840655555,0.03351232062406701,0.030231489078947182,3.9367222785949707,0.6390042901039124,0.12835614383220673,0.25618433952331543,0.029999999329447746,0.3233693838119507,0.09772434085607529
202,0.10152839071998594,0.07601127900155469,0.00048076663402364347,0.00048076663402364347,0.0008807644735313149,2.374105519218028,0.0757121526376446,0.07525498870411407,0.030287790203328134,3.5853912830352783,0.8076077699661255,0.1464882344007492,0.26911458373069763,0.04094307869672775,0.10511591285467148,0.10381897538900375
203,3.1441690371192457,0.2774388636894026,0.03227253240203595,0.03227253240203595,0.05912327936052987,2.7652362776503865,0.09812091530477686,0.2329828574790067,0.046238658974257704,3.5139806270599365,0.6443073153495789,0.14450833201408386,0.9278789758682251,0.046402137726545334,0.13201652467250824,0.15074340999126434
204,1.2550717579849375,0.1749477733244583,0.016641113621350432,0.016641113621350432,0.03048652015431399,4.017563863257061,0.04608998828653249,0.14570529252837378,0.038138005631765476,3.017662286758423,0.7044626474380493,0.1701768934726715,0.654878556728363,0.0652836263179779,0.17363552749156952,0.21680369973182678
205,4.156529981917531,0.2698361576238103,0.07203397288251084,0.07203397288251084,0.13196623832075988,4.4166441511899155,0.08806832379099333,0.2288601704277739,0.018691233210781474,2.7164266109466553,0.6852889657020569,0.18564023077487946,0.8963779211044312,0.06503819674253464,0.23078861832618713,0.2686120271682739
206,0.2870639541291236,0.07673060295920656,0.0016115422141260553,0.0016115422141260553,0.0029523453362789334,2.775576531031364,0.09839991930094878,0.1371719994847218,0.02767938289081805,3.0131404399871826,0.7035168409347534,0.1669168919324875,0.21708109974861145,0.03863827511668205,0.20988084375858307,0.14752523601055145
207,0.27658717975432096,0.09290585403150044,0.0013417946635791414,0.0013417946635791414,0.002458167823676987,3.9667918226791046,0.09995713272295843,0.29483468067472496,0.04045253131186715,3.1609110832214355,0.6491392850875854,0.1608172357082367,0.370474636554718,0.07123976200819016,0.10890142619609833,0.20915576815605164
208,3.206770776055465,0.1910471129469125,0.027931408023708335,0.027931408023708335,0.05117033949943367,3.690262936906927,0.04342398064629234,0.24725580419544618,0.03979043635700813,3.3161661624908447,0.6023781299591064,0.15879350900650024,0.3886967599391937,0.05699336528778076,0.26391130685806274,0.20089483261108398
209,0.6229136268690222,0.11927262858067966,0.011780873695477433,0.011780873695477433,0.021582560610114657,2.343686116376097,0.05945709779281225,0.1922243015199935,0.01787318372862451,2.2679152488708496,0.6336634159088135,0.22327692806720734,0.7230010032653809,0.08110081404447556,0.2891455292701721,0.3723433017730713
210,1.4154676115873708,0.1723274727904836,0.006195188357149507,0.006195188357149507,0.011349585070297897,1.9436846189973942,0.05097127911802149,0.054876167492225264,0.03342997755990005,3.984372615814209,0.7260798811912537,0.1261061728000641,0.2221270203590393,0.029999999329447746,0.12489468604326248,0.07556560635566711
211,1.552327196268587,0.17188741558274345,0.048053558962420605,0.048053558962420605,0.08803412001915455,2.33381214309222,0.06264389872383963,0.043744721349927365,0.028632569996957884,2.521191358566284,0.8106318712234497,0.2063831388950348,0.5367655754089355,0.060161858797073364,0.27560532093048096,0.2069433033466339
212,1.1640249776026694,0.15322649200856278,0.020192689482356398,0.020192689482356398,0.03699300713167692,3.6991103656923157,0.043307488306874746,0.06635753655519389,0.022802948077275353,2.842581272125244,0.6299734711647034,0.1803014874458313,0.32576265931129456,0.05728405341506004,0.2716430127620697,0.20901629328727722
213,3.4808381660965364,0.21793328058126585,0.02807842121078745,0.02807842121078745,0.05143966765816261,3.1290757811692345,0.0649382322496643,0.10023816042144719,0.019694002231875507,4.3589324951171875,0.664447546005249,0.11495699733495712,0.43925103545188904,0.03289344534277916,0.13517066836357117,0.09082158654928207
214,1.535941675768689,0.159264184888844,0.0227603754688349,0.0227603754688349,0.04169700785890554,4.164394943087686,0.04960550848274973,0.07316523435239954,0.026997840337728323,3.2032952308654785,0.6436048150062561,0.15915264189243317,0.764228105545044,0.05598539859056473,0.10020450502634048,0.17913585901260376
215,0.2964825650823584,0.11894832506291995,0.0034486370025058073,0.0034486370025058073,0.006317902988590639,3.419659684576685,0.059061269845999055,0.20248523099223992,0.005231192411447055,2.306574583053589,0.6015169024467468,0.2200884073972702,0.9545215368270874,0.08500953018665314,0.3638802766799927,0.33427509665489197
216,4.375573116522905,0.2390814147269056,0.028922218662436636,0.028922218662436636,0.05298550458958392,1.5842161897027092,0.05462419393579268,0.20939881087582216,0.048866525941206836,3.3077704906463623,0.6764024496078491,0.15253449976444244,0.8009697198867798,0.029999999329447746,0.1725868582725525,0.12440469115972519
217,1.0053339749191432,0.16658507830072128,0.021537116404744667,0.021537116404744667,0.039455997253492234,3.7227319260004275,0.09317252753948403,0.1566081574317971,0.037994933684329,2.7122490406036377,0.6247292160987854,0.18912741541862488,0.5133036375045776,0.08547553420066833,0.17499934136867523,0.2836126685142517
218,0.08549660178040898,0.06876475406406318,0.0002795574368013556,0.0002795574368013556,0.0005121492242200835,3.116220478531774,0.03790258874815479,0.20897134837457854,0.008770929675682791,3.234644889831543,0.65690678358078,0.15581724047660828,0.8742032051086426,0.05255701020359993,0.1615096628665924,0.16146376729011536
219,4.655689179287112,0.23179483758717412,0.18426490334965545,0.18426490334965545,0.3375733029365688,4.307177445684628,0.08289702660713931,0.07779972425389309,0.010904999200768466,2.4244227409362793,0.6202883720397949,0.21636979281902313,0.9282100200653076,0.05345941707491875,0.4334270656108856,0.2931559681892395
220,0.4537989427373451,0.11231765234968331,0.004366266321526284,0.004366266321526284,0.007998999901036152,3.151761782532847,0.046355549776445314,0.1636083113632875,0.006661401070056812,2.583157539367676,0.6030489206314087,0.19900187849998474,0.9071394801139832,0.06904146820306778,0.2706660330295563,0.260780394077301
221,1.9752093582120203,0.19614235783983128,0.03660538395193155,0.03660538395193155,0.06706106339993861,3.8901884853984217,0.060864791676721,0.12318015015901669,0.012040427509283382,2.582624912261963,0.6461805701255798,0.19542141258716583,0.6660932898521423,0.06439042836427689,0.42151913046836853,0.2541876435279846
222,0.9332114237870551,0.15699455406019697,0.01635064956675325,0.01635064956675325,0.029954390006291957,3.217740013906073,0.08157881329883936,0.2129451266537445,0.005388083078412398,2.153364419937134,0.6073471307754517,0.24164827167987823,0.690807044506073,0.07546485215425491,0.47536811232566833,0.38895511627197266
223,0.8786521923059853,0.13964136235215743,0.00401737873180008,0.00401737873180008,0.007359837836657747,1.7349183546554463,0.05008515117635929,0.23332910206734556,0.024218653180701762,3.3001761436462402,0.7277642488479614,0.15409184992313385,0.3723876178264618,0.0337572805583477,0.35442471504211426,0.14628596603870392
224,0.20543112016218168,0.07645766989670924,0.0009061929523072018,0.0009061929523072018,0.0016601454886267938,3.8826277118056374,0.0864870745401811,0.09676223333244732,0.014570714888232347,3.88067364692688,0.6533011794090271,0.1313178539276123,0.2898283302783966,0.04501568526029587,0.12012866884469986,0.1106054037809372
225,0.1655185935686507,0.09628924683012195,0.0014036967764721481,0.0014036967764721481,0.0025715724944969753,3.455387320927508,0.05458451998285049,0.08032727984552034,0.01023675653140027,3.296440601348877,0.6507314443588257,0.1546739935874939,0.7416013479232788,0.04677809029817581,0.1946994513273239,0.15446364879608154
226,0.06559862209457445,0.07034513561026495,0.0002217210086904012,0.0002217210086904012,0.00040619288792081504,3.2116939951949717,0.036441536913814146,0.033962856169122306,0.021914336626189888,4.245901584625244,0.7926369905471802,0.11810314655303955,0.2087227702140808,0.030632350593805313,0.25396037101745605,0.0694805309176445
227,0.3230204778953801,0.10884867648308771,0.0026342375326210182,0.0026342375326210182,0.004825923159761706,4.6167107526221685,0.05237475497117133,0.06494145847159613,0.03737212770860423,3.5039172172546387,0.6915790438652039,0.1453949362039566,0.20000000298023224,0.05118623748421669,0.20412787795066833,0.13361726701259613
228,0.053586676310239785,0.05705201655044225,0.00015622966375619072,0.00015622966375619072,0.00028621274400134143,4.216448755552533,0.04120666983116817,0.05248015193577966,0.023563178692513537,4.484277248382568,0.6663999557495117,0.1139598861336708,0.2284422665834427,0.03239968791604042,0.13181479275226593,0.07721365988254547
229,0.6825287369388973,0.12354727789004,0.017578655482863186,0.017578655482863186,0.03220409684460536,2.180093275146203,0.08917797795000673,0.18306846710833344,0.032627252502796696,2.0097150802612305,0.710601270198822,0.2523825168609619,0.49274441599845886,0.06820333749055862,0.1213541328907013,0.3115943372249603
230,1.974100885648519,0.1866787416930971,0.03880797900023882,0.03880797900023882,0.07109621752843752,4.941822148777331,0.043780794528421076,0.23300155520921662,0.014162880786813315,2.21150541305542,0.6768270134925842,0.23055893182754517,0.7114107012748718,0.09109070897102356,0.45541003346443176,0.3896331191062927
231,2.3328178716930945,0.18052419313961385,0.013348735763404519,0.013348735763404519,0.02445488391855708,2.217647079705822,0.032641874410953196,0.28781308977391795,0.042483556874757154,3.389986276626587,0.6439493894577026,0.1485835164785385,0.24569568037986755,0.057735625654459,0.12233336269855499,0.17175909876823425
232,3.9636194884775717,0.2253013631973655,0.05603701620700533,0.05603701620700533,0.10265981369123377,2.4906061719038206,0.06437132337622078,0.08410692754755122,0.037427716324269125,3.723726272583008,0.6540926694869995,0.14003397524356842,0.21399250626564026,0.030933229252696037,0.3815108835697174,0.11179312318563461
233,0.9387268994137705,0.16987600184235455,0.028208533880045066,0.028208533880045066,0.05167803406824256,3.4013055516004536,0.03325103952933746,0.05677410004511779,0.045173349216966266,2.709932804107666,0.6128556728363037,0.18808326125144958,0.5277817845344543,0.07915528863668442,0.17037920653820038,0.2614929676055908
234,1.9715415077477718,0.19769210540176224,0.06940881810434849,0.06940881810434849,0.12715695476716643,2.3080786553044224,0.05052596832397632,0.07068943469818206,0.006933042163129182,2.3345210552215576,0.6408315300941467,0.21640759706497192,0.8009155988693237,0.039626311510801315,0.3996582329273224,0.22445887327194214
235,0.10727143515934585,0.07190863601462766,0.00045662017363013715,0.00045662017363013715,0.0008365281580904113,2.5256824768841826,0.0751212771563841,0.14734974250761157,0.021978647296396855,3.3487446308135986,0.6882498860359192,0.1511751115322113,0.2694893777370453,0.04219548776745796,0.12339924275875092,0.12145840376615524
236,2.9811406705034793,0.2343532817229965,0.029951438203066484,0.029951438203066484,0.0548710347880178,2.8194043659417742,0.0631002904715593,0.14658250265678038,0.03537320501704577,3.729898691177368,0.6340310573577881,0.1349189281463623,0.5130893588066101,0.04587705805897713,0.21246910095214844,0.13540621101856232
237,0.3526583776834531,0.10574446273199661,0.0025605888520928454,0.0025605888520928454,0.004690998777034093,1.611580114901817,0.05389537059557177,0.1885234042875611,0.017759396258405474,2.571310520172119,0.7894530892372131,0.1973693072795868,0.7195945382118225,0.03480394557118416,0.20971797406673431,0.17764191329479218
238,2.3054148098251797,0.19335653239256007,0.048448466700610565,0.048448466700610565,0.08875759099551855,4.105303817128868,0.03243932086940456,0.14898760016966925,0.010415431740373477,2.4924228191375732,0.6025859713554382,0.20076988637447357,0.8058649301528931,0.0867217481136322,0.4915500283241272,0.3105681538581848
239,0.1668371581789045,0.08357176691939182,0.000733457135808035,0.000733457135808035,0.0013436934728003201,4.285948891951089,0.07123017182054926,0.29879756531238855,0.04305320140701367,2.951965570449829,0.6121659874916077,0.1721811443567276,0.5236032605171204,0.06735796481370926,0.15629392862319946,0.22246071696281433
240,0.3218023186066042,0.10863466202383809,0.002036064562933318,0.002036064562933318,0.003730070279293839,3.9708188299067824,0.051806391258386056,0.29389066918260065,0.048668078633512184,3.029040575027466,0.6609794497489929,0.16513799130916595,0.33728665113449097,0.07325705140829086,0.1294282078742981,0.2418733835220337
241,0.37411486878578964,0.11375058098125328,0.002411233618357728,0.002411233618357728,0.004417379988831358,4.713411533510389,0.07741734050131321,0.1588613144438898,0.03388730747281465,3.1843101978302,0.6790247559547424,0.1576453596353531,0.2591456174850464,0.0607675164937973,0.2883320152759552,0.16770848631858826
242,1.507206287453192,0.17776144042603487,0.023949910113526526,0.023949910113526526,0.0438762353279806,3.185734910022318,0.03487267229132545,0.08677688304455836,0.028100764520072583,3.0877349376678467,0.7048269510269165,0.16436928510665894,0.5303657054901123,0.0609055832028389,0.223317489027977,0.19540250301361084
243,0.6591980609370401,0.13283671522963184,0.0019224816506116552,0.0019224816506116552,0.0035219863839205524,1.860158315869616,0.08737124201492703,0.29910611642236384,0.040232683296017605,3.648186206817627,0.6011358499526978,0.137794628739357,0.2443012148141861,0.04125531390309334,0.10887642949819565,0.12002520263195038
244,1.3289925992022944,0.18927254474167202,0.008075188878572026,0.008075188878572026,0.014793746025543952,2.6565471233086475,0.08349556225558391,0.04036899563251814,0.03560648035404315,4.4157328605651855,0.6823206543922424,0.11381135880947113,0.24897661805152893,0.03295834735035896,0.16419292986392975,0.06854734569787979
245,0.43022799401288203,0.13501038650972855,0.003569465201757061,0.003569465201757061,0.0065392602496189365,4.870362653648919,0.07115971935295955,0.08534455919779452,0.01669343081080121,3.692552328109741,0.6326194405555725,0.1360621303319931,0.3965672552585602,0.05335857719182968,0.18458819389343262,0.13153469562530518
246,2.1868958337650612,0.16911353712816435,0.02660488656124494,0.02660488656124494,0.04874015218020073,3.1056361190401383,0.06731563026273206,0.23042044434492873,0.01615548869729354,2.8008182048797607,0.6586571335792542,0.18225139379501343,0.9128227829933167,0.06818701326847076,0.1872977316379547,0.2699030637741089
247,3.1568076019787252,0.2486203449203957,0.08546531689346791,0.08546531689346791,0.15657246054883323,4.371162237905894,0.06654734742383099,0.1182204415760445,0.013520152876259784,2.618023157119751,0.7230029106140137,0.19632142782211304,0.8458957672119141,0.07024180144071579,0.4476301968097687,0.27768462896347046
248,0.5034981885435451,0.10717880808479158,0.0020595909456501676,0.0020595909456501676,0.0037731706124311073,2.3889617707891344,0.09906953288428845,0.0763609367239794,0.04518924238242562,3.554067373275757,0.9485459923744202,0.14166606962680817,0.24046143889427185,0.03198140114545822,0.10018763691186905,0.08467094600200653
249,0.7999867551615362,0.14519058318056285,0.006846036145253227,0.006846036145253227,0.012541938218103912,2.861066005284062,0.06216463627157457,0.09825270699414856,0.025605975277137417,3.597846508026123,0.7290475368499756,0.1403379887342453,0.7375391125679016,0.03775922581553459,0.1595819890499115,0.1269407868385315
250,0.11819851314093824,0.0729969383999999,0.00043580022055431225,0.00043580022055431225,0.0007983860040555001,1.5299536346771636,0.05692112685755424,0.16059281201817877,0.005136985004772679,2.427478790283203,0.9278228282928467,0.21903689205646515,0.6703429222106934,0.0380130410194397,0.22159741818904877,0.18127572536468506
251,4.420030113736223,0.25981487395755415,0.09509081082726044,0.09509081082726044,0.17420636543554113,3.728349946108736,0.08497124107320153,0.27601461126715127,0.03309594947895555,2.627751588821411,0.6226020455360413,0.19054864346981049,0.738357663154602,0.08138829469680786,0.2070852816104889,0.3249865770339966
252,0.7201739078970508,0.13835901724865252,0.008127134296351965,0.008127134296351965,0.0148889100309168,4.095533602827523,0.06515458717657108,0.25021363088947446,0.035386766208638426,2.4909825325012207,0.7035521268844604,0.20080223679542542,0.32110801339149475,0.08596570789813995,0.23061320185661316,0.299803227186203
253,1.2281995273355566,0.16328344438984776,0.00988960618982112,0.00988960618982112,0.018117758539752293,2.9702613844876233,0.05083505905920691,0.20126968322462754,0.014804306324980268,3.213408946990967,0.6099969148635864,0.15997232496738434,0.40123942494392395,0.05820755660533905,0.26171165704727173,0.1807756870985031
254,4.657385550227994,0.26057224135094226,0.09409338147806183,0.09409338147806183,0.1723790748678093,4.871873603534231,0.043641939384265284,0.09481993764989656,0.04705865258355747,3.177844524383545,0.665963351726532,0.16149067878723145,0.44985827803611755,0.06035073101520538,0.2244306355714798,0.17763730883598328
255,0.03810568025218503,0.05201272469144788,0.00033991868987623327,0.00033991868987623327,0.0006227310398532593,3.9216780789133745,0.07099232553861093,0.07762072215915533,0.03380166508477315,2.6659889221191406,0.7748955488204956,0.18997272849082947,0.32570427656173706,0.0658709779381752,0.17929033935070038,0.17644169926643372
256,0.26326405174555856,0.09781735547428848,0.0020466721079936893,0.0020466721079936893,0.003749503301844439,1.8263273562305042,0.09638593313766255,0.2720418003647139,0.023054258964977776,2.3376293182373047,0.8456678986549377,0.2166215181350708,0.43005555868148804,0.046097200363874435,0.20181463658809662,0.21605968475341797
257,3.877653126675609,0.256471143992222,0.04157737039716116,0.04157737039716116,0.07616974256759924,2.9022777341520456,0.08638740836493203,0.2795932440294819,0.024389805164050093,3.193571090698242,0.6214836239814758,0.1608618050813675,0.43783336877822876,0.05505330115556717,0.23288434743881226,0.19483238458633423
258,1.4367239739551287,0.1817234847149677,0.0229062904206568,0.0229062904206568,0.04196432405064326,2.58065340735586,0.06321188851351796,0.2367746810436419,0.017579045100290087,2.501375436782837,0.6608185768127441,0.20182128250598907,0.9594085216522217,0.07490748912096024,0.38134679198265076,0.3084476590156555
259,1.7379764283178014,0.19509489112676623,0.03803579603067896,0.03803579603067896,0.06968157832820386,3.397340548035947,0.04742601870911696,0.15207866669137632,0.04389948888832416,2.496515989303589,0.7257604002952576,0.203956738114357,0.4184560775756836,0.08012991398572922,0.26095545291900635,0.2922685742378235
260,0.031448599865276476,0.05462664957277989,7.586387641747557e-05,7.586387641747557e-05,0.00013898262159681526,3.0137804901178713,0.05952895521324485,0.04516239055454846,0.02816919057445087,4.468196868896484,0.716002881526947,0.11404407769441605,0.257823646068573,0.03245898336172104,0.24105225503444672,0.08146226406097412
261,4.806327824376829,0.2136730391410062,0.07214087549929549,0.07214087549929549,0.13216208391470935,2.978084074126418,0.05932279379990396,0.09253144079609261,0.010453694977633769,3.2956883907318115,0.6863198280334473,0.15260623395442963,0.9361568689346313,0.0453970693051815,0.25150930881500244,0.15495187044143677
262,0.6747625931841272,0.1363809948954343,0.012494838748192212,0.012494838748192212,0.022890544586688134,4.8482150069201095,0.07636596284935274,0.12016872863220589,0.015116616193319731,2.427205801010132,0.6783477663993835,0.20701785385608673,0.4570675790309906,0.080287404358387,0.33046218752861023,0.3007458448410034
263,0.12116897348939032,0.06736007303375434,0.00047506968211122444,0.00047506968211122444,0.0008703276576277632,3.265288242640705,0.0489505052752984,0.17137738764425073,0.04057594509982679,3.1201508045196533,0.7230072617530823,0.16173602640628815,0.4211679995059967,0.055368054658174515,0.3062017261981964,0.1711902618408203
264,0.16826052646877723,0.10810258807284547,0.0011059640954704279,0.0011059640954704279,0.002026126222901824,2.3234109950235737,0.09697568036787167,0.08938101238621918,0.00708958046361575,3.2561824321746826,0.8820059299468994,0.15944038331508636,0.9786296486854553,0.037369098514318466,0.1900828778743744,0.12557446956634521
265,2.8800043204955306,0.2775594283685892,0.046417072008913034,0.046417072008913034,0.08503607592032868,2.557862155461085,0.06863834863651291,0.2750687632913063,0.04165070826375965,2.8295037746429443,0.63621586561203,0.1773432493209839,0.6531393527984619,0.07358472049236298,0.24079039692878723,0.24436382949352264
266,0.5113148115782563,0.1174858821062558,0.0020696824769155997,0.0020696824769155997,0.0037916582977093787,1.6105215116954528,0.08333321594370381,0.16588850517789833,0.02243634024069418,2.759005069732666,0.9130430817604065,0.18793782591819763,0.28093111515045166,0.029999999329447746,0.1740298718214035,0.1423051804304123
267,0.9146481461241425,0.1540350934782391,0.009463631757234038,0.009463631757234038,0.017337373379252757,4.286531694724957,0.09325501604559075,0.15907746668883074,0.011840838537845831,3.0473074913024902,0.6374528408050537,0.16975727677345276,0.5589656233787537,0.055759429931640625,0.4425552785396576,0.2083216905593872
268,0.9106688757732109,0.1286551556900502,0.059111399522746626,0.059111399522746626,0.10829208392567183,2.137561415197498,0.045065110560645494,0.05108452120899139,0.013045868069442697,1.4597389698028564,0.9376115202903748,0.3756742775440216,0.7297753691673279,0.07831598073244095,0.47968652844429016,0.3963436484336853
269,2.1378882808493516,0.21655041312367915,0.014777887541115363,0.014777887541115363,0.027073089975323344,2.238044017292157,0.06507376712520405,0.0757729901393269,0.029400945079611454,4.5,0.6317068934440613,0.11192214488983154,0.5103065371513367,0.030389321967959404,0.1702115684747696,0.07359873503446579
270,3.2760879051542524,0.23755942582102132,0.03694384625904324,0.03694384625904324,0.06768112634656721,3.2815130708012425,0.09087049142858802,0.22547022776033876,0.04624719605821424,3.182978630065918,0.7019761800765991,0.15814892947673798,0.6737455725669861,0.057328060269355774,0.11983111500740051,0.17804035544395447
271,4.816790449701136,0.26893275400033184,0.11046975048350596,0.11046975048350596,0.20238058288578292,4.8391607615919625,0.05782636857354481,0.10147055421195847,0.04087650859494966,3.055962085723877,0.6518288254737854,0.16733060777187347,0.6602985858917236,0.06119741499423981,0.13522513210773468,0.19661220908164978
272,1.7852053535610148,0.16004864883843062,0.008238521029814283,0.008238521029814283,0.015092970526619768,2.365737413067464,0.039829323945754835,0.03398927244479859,0.011913548995240514,4.149312496185303,0.7375389933586121,0.12406907975673676,0.22107818722724915,0.029999999329447746,0.18556396663188934,0.07418771833181381
273,0.07520127011540166,0.07363051745735533,0.000676457202198643,0.000676457202198643,0.001239269594427914,4.836048887438281,0.06556236819808536,0.2782088448748262,0.0051716655900532135,1.989280104637146,0.7519484162330627,0.2549889087677002,0.9323381781578064,0.09407880157232285,0.35054606199264526,0.3878544270992279
274,1.3455320919854032,0.15905606326048063,0.012343801022178615,0.012343801022178615,0.022613843472631224,4.530940651231788,0.09737991286076011,0.12299662062687873,0.023871730412657898,3.4970076084136963,0.6373903751373291,0.14336954057216644,0.3299705982208252,0.04527651518583298,0.2062710076570511,0.14424733817577362
275,0.3251906684121622,0.1065937631516978,0.0018776937053738701,0.0018776937053738701,0.0034399348682449303,3.2436603961531896,0.07746435840296,0.22441996543670562,0.006645643841387075,3.2174489498138428,0.6205746531486511,0.15690959990024567,0.6700860261917114,0.06550948321819305,0.21647603809833527,0.2010500431060791
276,0.20160838762458888,0.08396397969422126,0.0028742484243411844,0.0028742484243411844,0.00526562311339305,4.366791629771161,0.035288936173668906,0.1348190406986593,0.02250619255018923,2.3669235706329346,0.6146125793457031,0.21595843136310577,0.3048332631587982,0.10384034365415573,0.48452240228652954,0.3439074754714966
277,1.8819333622035954,0.19278724168132166,0.013930332505127587,0.013930332505127587,0.02552036914939374,2.4129271053672334,0.0798694824370083,0.057390665819903444,0.04568288749590357,4.126997470855713,0.8122678399085999,0.12210188806056976,0.7094888091087341,0.03180459514260292,0.13832363486289978,0.074674591422081
278,1.4597193404431783,0.19694494859744932,0.025059189315604417,0.025059189315604417,0.04590843482618729,3.3437553715792103,0.06154231776244294,0.24649916560473564,0.02210952956262859,2.464980363845825,0.6365110874176025,0.21223688125610352,0.6568604111671448,0.08818195015192032,0.19839787483215332,0.3273000717163086
279,1.401359115428411,0.18209825835532117,0.016617668613540068,0.016617668613540068,0.030443568900005404,3.6705121106349283,0.030076520201194834,0.04499045725721022,0.03614218647713704,4.0164923667907715,0.6635147929191589,0.12879213690757751,0.2888067066669464,0.046910494565963745,0.17070654034614563,0.11609580367803574
280,1.441530508529819,0.1736307737531204,0.010579948883117507,0.010579948883117507,0.019382466353871274,2.316489016506547,0.05941526919216332,0.2023641491911958,0.046220801984729144,3.3651885986328125,0.627303421497345,0.15138790011405945,0.4024251401424408,0.05061793327331543,0.2204996794462204,0.15675394237041473
281,1.0605992516299438,0.15806706717299324,0.02358409552515726,0.02358409552515726,0.0432060630020881,1.8551560269291616,0.08440967233202415,0.11603063694100263,0.016052170137757685,2.196530342102051,0.9030989408493042,0.24912559986114502,1.0,0.05516438186168671,0.19114582240581512,0.2532971501350403
282,0.4937549816918451,0.12510532849743644,0.0025795050105508798,0.0025795050105508798,0.004725653179329212,1.6041656318241364,0.07147033019784757,0.050639686581010875,0.027531021391700158,3.240780830383301,0.611663281917572,0.16560488939285278,0.6531667113304138,0.039466939866542816,0.22728386521339417,0.1567835807800293
283,0.028505648149762634,0.041458707156306646,0.00011430105264992968,0.00011430105264992968,0.00020939952845467117,4.53234314793581,0.08931685772777764,0.12761538008370832,0.03698655215592876,3.1063623428344727,0.744661271572113,0.16931858658790588,0.278628408908844,0.04942120239138603,0.11649051308631897,0.1411837935447693
284,0.5321318331319236,0.12275287683956194,0.0042760401471346,0.0042760401471346,0.007833705549550587,4.715018801894654,0.04793409206475137,0.1011894288345131,0.02937828491558083,3.499662399291992,0.6266183853149414,0.14475561678409576,0.2132015824317932,0.05978234484791756,0.2716757357120514,0.15198709070682526
285,0.21811448389569893,0.08806099433316862,0.0018267044079342452,0.0018267044079342452,0.003346522475335537,3.9178437864634956,0.04077039032426477,0.12517059678796974,0.03133507628991224,2.990140199661255,0.6166683435440063,0.16752828657627106,0.8559120297431946,0.07217370718717575,0.11188110709190369,0.21642760932445526
286,0.818377301193161,0.13764635514919651,0.015779940366647628,0.015779940366647628,0.028908850751698457,2.595346344703262,0.03699843574211832,0.11743470867021975,0.012355051020773923,2.405740261077881,0.6039381623268127,0.2098456472158432,0.6936642527580261,0.08212355524301529,0.3754412829875946,0.3111444115638733
287,3.383266169126229,0.20815024539350482,0.055834239842123816,0.055834239842123816,0.10228832739077083,4.354174112516224,0.04541187933616827,0.13331715357532797,0.01680833279424961,2.9089365005493164,0.6654821634292603,0.1742403656244278,0.7429795861244202,0.066225565969944,0.3404158353805542,0.23064926266670227
288,2.8860506053000843,0.2159152815446075,0.016170423822773526,0.016170423822773526,0.0296242164433211,1.729148404799275,0.04032590739216285,0.1683325449484753,0.00911964484144858,3.3525195121765137,0.8389962315559387,0.14972253143787384,0.6714872121810913,0.029999999329447746,0.2675744295120239,0.12347443401813507
289,0.3841825464798042,0.11441628391796561,0.00271330248877195,0.00271330248877195,0.004970770159430212,4.869809272860213,0.05529873934566979,0.18676670796612432,0.010472428604737889,3.0171797275543213,0.6529597043991089,0.1705065816640854,0.8006428480148315,0.06037712097167969,0.2341199517250061,0.21443167328834534
290,2.6978463472388303,0.20135898736302868,0.08358872489849982,0.08358872489849982,0.1531345440140517,3.5824536002678333,0.043650799536285444,0.06805696079046722,0.007037774347433825,2.1686673164367676,0.6246830821037292,0.2319875955581665,0.8276912569999695,0.06766420602798462,0.41202419996261597,0.3135577142238617
291,3.0304288222450317,0.20921278876477292,0.025369159554754096,0.025369159554754096,0.046476300304309506,2.6505025534215183,0.05033521751200423,0.043316306997839824,0.044511681077418375,4.454192161560059,0.6944631338119507,0.11292769014835358,0.3310264050960541,0.029999999329447746,0.33431485295295715,0.07479604333639145
292,2.506033392293382,0.21034623513908488,0.0362966839396395,0.0362966839396395,0.06649552497741956,3.73293663166647,0.04137689089800364,0.2891074140037375,0.045178644711801746,2.6754415035247803,0.6777786016464233,0.19307464361190796,0.4059993028640747,0.08272236585617065,0.29750609397888184,0.3038945496082306
293,2.3506692200118455,0.17180360949355725,0.016887494975346317,0.016887494975346317,0.030937890794834454,2.6265620122087743,0.04998881441395672,0.18611531268637985,0.02250694315997575,3.556126356124878,0.6683961153030396,0.14436762034893036,0.47279125452041626,0.050523560494184494,0.19627980887889862,0.15981730818748474
294,3.2953758446599397,0.21145541824772754,0.04441840590849912,0.04441840590849912,0.08137451962437038,2.958367903939342,0.04670664500245742,0.14606550671359975,0.0124991276651484,2.9406673908233643,0.6762482523918152,0.17280028760433197,0.7797213792800903,0.055646929889917374,0.26753395795822144,0.20120158791542053
295,0.5362281363688012,0.126438073963294,0.006051209705734234,0.006051209705734234,0.011085816180905117,4.72058500937897,0.09949862305099602,0.1433317242016566,0.035427694051731524,2.842069387435913,0.6890313029289246,0.1804618239402771,0.31968629360198975,0.060578055679798126,0.17295990884304047,0.21675246953964233
296,3.367755219694164,0.22963542585782332,0.040708136254438435,0.040708136254438435,0.07457730561813121,4.012467951022823,0.09811477518892928,0.24907728660387024,0.0319215884183555,2.971784830093384,0.6320450901985168,0.16975823044776917,0.595461905002594,0.07157370448112488,0.12589481472969055,0.2222491353750229
297,3.1400128779440033,0.22486533161044486,0.018366472512159095,0.018366472512159095,0.03364737764227546,2.1471128284301297,0.06632693519242727,0.13220478708871064,0.011273191433668022,3.694444417953491,0.859757661819458,0.13742363452911377,0.9051581025123596,0.029999999329447746,0.11733777076005936,0.09579714387655258
298,1.1697308749561375,0.1644157095715263,0.009750082354373992,0.009750082354373992,0.017862150873213155,3.534834008480632,0.05461337406732315,0.24644100868914,0.032810330195510266,3.172494649887085,0.6002098321914673,0.16454648971557617,0.33153849840164185,0.06430643051862717,0.14974431693553925,0.21120741963386536
299,0.049392491208484504,0.05395100618614136,0.00020470878559836629,0.00020470878559836629,0.00037502649521620705,4.073814920703736,0.0687431011335141,0.2980765210704517,0.02934480596568749,2.6993207931518555,0.6706470847129822,0.18683737516403198,0.6036332249641418,0.08110181987285614,0.14215727150440216,0.22912776470184326
300,0.3319428213499192,0.11538791508320637,0.00181804307590166,0.00181804307590166,0.0033306549150518413,3.545505419475486,0.07374380396096891,0.14818835893954357,0.03812436888976138,3.799809455871582,0.6162788271903992,0.13266345858573914,0.25385910272598267,0.05346086993813515,0.19283829629421234,0.12982749938964844
301,0.055895840932378774,0.05137135523622853,0.0001523273447032147,0.0001523273447032147,0.0002790636954962894,3.441681776050457,0.03211173121130023,0.23566156636068938,0.012463354715900713,3.174661874771118,0.6478758454322815,0.16054615378379822,0.3077734410762787,0.05987198278307915,0.3246234953403473,0.17041932046413422
302,2.533703879437308,0.2110042863376464,0.01563667057606291,0.01563667057606291,0.028646380495347255,2.417983839397136,0.07120808119553727,0.2560865283915006,0.025102947690505625,4.017688274383545,0.6040495038032532,0.1260826140642166,0.473937064409256,0.047393862158060074,0.1192300021648407,0.13398835062980652
303,0.24929107882742862,0.08561085041329897,0.0014307156414311705,0.0014307156414311705,0.0026210710551019044,3.4960049624735072,0.07055516460142841,0.29768211330690875,0.033238443631913125,2.7592265605926514,0.6879653930664062,0.18391898274421692,0.49193868041038513,0.07402598857879639,0.12334970384836197,0.25915881991386414
304,4.240706777012887,0.23371089787086582,0.07281203527923798,0.07281203527923798,0.13339164863156397,3.6277933965306843,0.0824410813395002,0.2828276216025488,0.015437178666076589,2.3783373832702637,0.6171324253082275,0.21096265316009521,0.8769260048866272,0.07509886473417282,0.3920705020427704,0.3253183364868164
305,3.0279912475303115,0.2729485154188288,0.050549722290701427,0.050549722290701427,0.09260709123656502,2.007430952797778,0.03966619580649779,0.1556389921967348,0.041813588697282626,3.3680307865142822,0.6024985909461975,0.15029975771903992,0.5253322124481201,0.048194605857133865,0.14916294813156128,0.17046909034252167
306,0.12058432564548799,0.06363912403389498,0.00026735125955133906,0.00026735125955133906,0.0004897875074980532,2.4602653685493996,0.06301302040797568,0.20893182660026324,0.037696208693356485,3.5829873085021973,0.7313104271888733,0.13982443511486053,0.499954491853714,0.044863373041152954,0.11471045017242432,0.12334834784269333
307,3.290243375586651,0.2282648636073524,0.14386056815988912,0.14386056815988912,0.2635525608689169,2.816315838503998,0.07567968506103151,0.12604716807235636,0.024834355466960015,2.2910261154174805,0.6466628313064575,0.21924646198749542,0.763563334941864,0.06620419770479202,0.19814004004001617,0.32438334822654724
308,0.6244272278317657,0.11823255046265839,0.005607672065167601,0.005607672065167601,0.010273255223387045,3.0049492711058163,0.04614773689590235,0.1011572478618662,0.03979743744954635,3.272047281265259,0.6501050591468811,0.15352164208889008,0.5623212456703186,0.053079694509506226,0.20883946120738983,0.1714663952589035
309,1.171432119315798,0.15790400168298105,0.020576019426983432,0.020576019426983432,0.03769526759023365,3.5292757337791016,0.049370158267100506,0.21764253860886235,0.023918711218779202,2.3987433910369873,0.6958997249603271,0.20952251553535461,0.7082930207252502,0.08815784752368927,0.22922958433628082,0.35571810603141785
310,0.34222444997446516,0.10058243230209023,0.0017405365788945156,0.0017405365788945156,0.0031886630125347528,3.0820067823601267,0.04282158416162736,0.10802055071996329,0.017513437600291035,3.791292905807495,0.6723794341087341,0.1337897926568985,0.5042458176612854,0.05163976550102234,0.1344538778066635,0.12423679232597351
311,0.02260810730215267,0.04190308322831946,4.949527507911252e-05,4.949527507911252e-05,9.067534394493413e-05,2.7636411117424133,0.08917526604122056,0.26024155263336146,0.005317350064768981,3.134897470474243,0.8284664750099182,0.1596333235502243,0.7084487080574036,0.04026566073298454,0.13658416271209717,0.1354503035545349
312,3.9184807334820384,0.24252309332975908,0.044687543010587395,0.044687543010587395,0.0818675787953961,3.1438966521799943,0.05830311723198661,0.1445807351013701,0.017944915978716728,3.6494996547698975,0.6169920563697815,0.13752689957618713,0.6682876348495483,0.04311197251081467,0.16168610751628876,0.1473488062620163
313,0.18546133245393875,0.08806269522479507,0.0011441928137465916,0.0011441928137465916,0.002096161234783756,2.3194450052602846,0.04041222867858899,0.10961714016188874,0.01633451074955455,3.3550024032592773,0.6586166620254517,0.1498044729232788,0.6634917855262756,0.04910287261009216,0.12566764652729034,0.14670589566230774
314,3.211634836016849,0.24189645352409525,0.16057169140409433,0.16057169140409433,0.2941673386523008,2.060362264490983,0.03346020418989876,0.04554997302087227,0.03446172756541995,2.3430585861206055,0.7802466750144958,0.21576689183712006,0.8921772837638855,0.04745369777083397,0.17366072535514832,0.20925681293010712
315,4.99068691595812,0.2706771215595016,0.11822375397687723,0.11822375397687723,0.2165859172856391,3.503477120067955,0.031192141893737618,0.11706016814975417,0.015986549915969726,2.6880877017974854,0.668472170829773,0.1882362961769104,0.9045062065124512,0.06753597408533096,0.24537619948387146,0.23474811017513275
316,0.43180116218604647,0.1215416871000533,0.009570035519044567,0.009570035519044567,0.017532305070889646,1.5763047859933608,0.04873991112124619,0.2644537435500851,0.024477647096752708,1.8113815784454346,0.8293182849884033,0.27834513783454895,0.629321277141571,0.05761083960533142,0.21475771069526672,0.37705355882644653
317,4.158313693433754,0.22880393860059187,0.022538576606458798,0.022538576606458798,0.04129067234303252,1.7103660421305675,0.03308997022706988,0.23268792052325926,0.015630998015461813,3.348191261291504,0.7393853068351746,0.15179891884326935,0.466061532497406,0.03474939614534378,0.24913173913955688,0.14217880368232727
318,2.073890789188877,0.2120874769068443,0.020709298042800556,0.020709298042800556,0.03793943401441062,3.8456362723344264,0.07574013529752763,0.1014614892561944,0.025840038487864495,3.747856616973877,0.6101128458976746,0.13565514981746674,0.28741225600242615,0.036390192806720734,0.2035849243402481,0.12034832686185837
319,4.592623645896741,0.25642741777529693,0.11149648499827695,0.11149648499827695,0.20426156051684338,4.338990138486199,0.08136257748660643,0.261300451829251,0.04531855632048833,2.471808910369873,0.654827892780304,0.20280179381370544,0.7252835631370544,0.09278353303670883,0.1779812127351761,0.3465994596481323
320,0.3031424661349939,0.11235621935277486,0.0023874923712945604,0.0023874923712945604,0.004373886024211635,3.4513999529775745,0.0652202291927463,0.26679517114766704,0.02456568477426191,2.8294589519500732,0.6081910729408264,0.17918387055397034,0.42273157835006714,0.07387125492095947,0.16559000313282013,0.2630190849304199
321,2.000769578205744,0.19719194314133676,0.02597197285373104,0.02597197285373104,0.04758065426803527,2.253060969317727,0.08326324548718433,0.29326622552170667,0.009780737149217837,2.666217088699341,0.6061557531356812,0.1938612163066864,0.9724720120429993,0.06239023432135582,0.41795969009399414,0.2766832709312439
322,1.4369455197386558,0.15468167139066516,0.0076175441268426305,0.0076175441268426305,0.0139553408403757,2.1619632816354075,0.06020068828560776,0.23058139926907723,0.028257153250316788,3.485579252243042,0.682379961013794,0.14389850199222565,0.5011842250823975,0.052672822028398514,0.12428291887044907,0.1373496949672699
323,4.5076127350510395,0.2653117881485688,0.05909991872870415,0.05909991872870415,0.108271051110986,4.154844569652941,0.07698673971436491,0.12792989233983082,0.043521809992946955,3.5011396408081055,0.6406238675117493,0.14403657615184784,0.48324140906333923,0.04674122482538223,0.13518603146076202,0.14380452036857605
324,1.9833877111141867,0.21269491184462516,0.041330538750942496,0.041330538750942496,0.07571754699172666,2.534791462145327,0.06519093941142393,0.14860781367745224,0.02842570997182129,2.921945810317993,0.6040555834770203,0.1742382049560547,0.6520182490348816,0.062254708260297775,0.14644485712051392,0.22534583508968353
325,2.4536641071940397,0.1858916908608325,0.012623858818430788,0.012623858818430788,0.023126909355365204,2.0844593066716794,0.08806264442143938,0.17338984241254157,0.01872530618336348,3.8360347747802734,0.6878775358200073,0.13293762505054474,0.4798332452774048,0.029999999329447746,0.20436064898967743,0.09592044353485107
326,2.289898831114784,0.2272297837591084,0.03053735128033691,0.03053735128033691,0.05594442754557722,4.906585034005443,0.061688803175153274,0.16589037453712235,0.022688092221653307,3.203723669052124,0.6004772186279297,0.15836340188980103,0.44722816348075867,0.06616943329572678,0.24361437559127808,0.19441699981689453
327,0.3634006763991684,0.11409572346948312,0.002403726377522224,0.002403726377522224,0.0044036267236207145,2.002227805192958,0.04915840043122904,0.2943714237035643,0.02216171166962141,2.9839916229248047,0.6108455657958984,0.16931667923927307,0.9108881950378418,0.05989475175738335,0.15595097839832306,0.239851713180542
328,2.567633693155428,0.19600626014498232,0.03496700794339487,0.03496700794339487,0.0640595585522994,4.139820494230872,0.0752221378432352,0.1728011261928339,0.008869290997890272,2.805868625640869,0.6227017045021057,0.1794915348291397,0.6987215876579285,0.0606318935751915,0.418215274810791,0.24181246757507324
329,2.844953831864548,0.19956385907496532,0.02630439831157854,0.02630439831157854,0.04818965770681189,3.5110906332659884,0.07701255665545476,0.20837791869064204,0.03877922029535761,3.2608249187469482,0.6545673608779907,0.15640242397785187,0.3431350290775299,0.0552203506231308,0.1435183733701706,0.17835742235183716
330,0.3947698798224485,0.13331297102657239,0.00592480740955427,0.00592480740955427,0.010854247174303423,2.3896072399435253,0.06642856076321352,0.2544033451698461,0.04544472440756291,2.5137665271759033,0.6241058111190796,0.1998349130153656,0.4502407908439636,0.08849160373210907,0.14578397572040558,0.3126429319381714
331,0.5074493681428357,0.12407068562309657,0.00790794336672488,0.00790794336672488,0.014487352247839981,4.996671631545366,0.06625672195310639,0.20805970689001255,0.025601264587918008,2.324157476425171,0.6376674175262451,0.21906490623950958,0.9276072382926941,0.09611944854259491,0.15948300063610077,0.3678836226463318
332,4.866159684641327,0.26426416269756653,0.098427257818896,0.098427257818896,0.18031873632421747,2.679444737457808,0.04861488303470096,0.2942753386743965,0.008638706791732283,2.3792176246643066,0.6184960603713989,0.2142147719860077,0.9899027347564697,0.069810651242733,0.32842108607292175,0.38806527853012085
333,2.1612002537756525,0.21016665997171996,0.013877048392939247,0.013877048392939247,0.0254227526558647,2.2147937668048314,0.05216128312036758,0.10359478428714565,0.010548918813827678,4.136898994445801,0.6181340217590332,0.12132202833890915,0.9617795348167419,0.029999999329447746,0.47631973028182983,0.10004416108131409
334,0.6973497635526954,0.13316586272244785,0.003451892319711337,0.003451892319711337,0.00632386672971117,2.4436010886468136,0.03249869777303805,0.25009020957788863,0.009769606473123204,3.3200502395629883,0.6099412441253662,0.1516583412885666,0.8941753506660461,0.04934513941407204,0.1797095090150833,0.18819348514080048
335,0.562342591952442,0.13633695257407552,0.0050609037190351945,0.0050609037190351945,0.009271575613272477,3.4682730214513384,0.08804940879333527,0.0841092693163146,0.026775385248102704,3.743285894393921,0.7235927581787109,0.13683165609836578,0.3951515257358551,0.030986947938799858,0.1192975714802742,0.10656383633613586
336,0.1109302809530299,0.0545957235268375,0.0003917555211605946,0.0003917555211605946,0.0007176961147662093,2.3344325393802987,0.05245965791496826,0.2625529244520136,0.03344993024072255,3.1714119911193848,0.6451643705368042,0.15773269534111023,0.223443865776062,0.07508548349142075,0.11690661311149597,0.19910237193107605
337,1.7931752713553963,0.17527988929782834,0.013692886285377754,0.013692886285377754,0.025085367674812047,2.208919057240272,0.04365052325610136,0.08546381423720756,0.012674259003398844,3.7356181144714355,0.812081515789032,0.1355360895395279,0.5312240123748779,0.029999999329447746,0.23010706901550293,0.10043200850486755
338,0.4987332815364437,0.13065801479950578,0.0033422502520688417,0.0033422502520688417,0.006123002461790118,2.567272104949888,0.08911247836715669,0.09111743605717862,0.047982096521913174,3.4912545680999756,0.8947167992591858,0.144894540309906,0.23191377520561218,0.03681908920407295,0.10156650096178055,0.0935279056429863
339,0.30246700810592353,0.10466653820274181,0.0015726881643958637,0.0015726881643958637,0.0028811647171732226,3.7561910894001933,0.0448869725975031,0.18620217991290222,0.01489863571729843,3.4174373149871826,0.6027302145957947,0.14847131073474884,0.3302808701992035,0.05352821201086044,0.17631515860557556,0.16963574290275574
340,2.547435122348367,0.21954660796283362,0.021683652919940097,0.021683652919940097,0.03972445214933026,2.646046075317643,0.06639597299261861,0.23124318042135514,0.021040668170323643,3.3098373413085938,0.6276923418045044,0.15499775111675262,0.5002850294113159,0.04583393409848213,0.3053343594074249,0.1741880178451538
341,0.03535143700029566,0.04497547922433136,5.374003346361056e-05,5.374003346361056e-05,9.845174130533455e-05,1.7288326232407136,0.09741786271134459,0.11749380313334294,0.026101904633891754,3.2680130004882812,0.7006922960281372,0.17573203146457672,0.4889354407787323,0.0360751710832119,0.10000000149011612,0.20856873691082
342,3.742384783017143,0.23020705176253214,0.034011952800015975,0.034011952800015975,0.06230989752962927,3.060375771014703,0.03779116503431556,0.13183759341854073,0.013851408617319275,3.49619197845459,0.6799975037574768,0.14331690967082977,0.656174898147583,0.045744672417640686,0.16078531742095947,0.1393236219882965
343,2.312007451538563,0.18404956495928296,0.024876265575832446,0.024876265575832446,0.04557331853492504,2.0876476639639963,0.06704918001575366,0.19918483516503319,0.00645804882214656,2.879693031311035,0.6287523508071899,0.1777368038892746,0.9184512495994568,0.04110411927103996,0.28565776348114014,0.19913677871227264
344,0.03170886714116217,0.05326212035511061,0.00011222020847004406,0.00011222020847004406,0.00020558742191712073,4.806835141236922,0.08234379288904023,0.2624962836943591,0.04205935307568538,3.064980983734131,0.6147879362106323,0.1634039431810379,0.21092787384986877,0.0663692057132721,0.27935826778411865,0.17559409141540527
345,0.17391021313752733,0.08540483621735002,0.0003368722086356697,0.0003368722086356697,0.0006171498862205469,1.9264503538822424,0.04579955141531222,0.18487770220917793,0.0462908720678351,4.328553199768066,0.6136931777000427,0.11996744573116302,0.23224809765815735,0.033243678510189056,0.11209801584482193,0.08794111013412476
346,3.155483599613244,0.23019426637440676,0.05816284252224218,0.05816284252224218,0.10655432750074768,3.0110997301353715,0.08807050544372275,0.054484753828982393,0.021752094832645594,3.472564697265625,0.9189562797546387,0.14567583799362183,0.8874754309654236,0.033818405121564865,0.11864100396633148,0.11460167169570923
347,3.2496150615517565,0.22133415993570224,0.02666118812253546,0.02666118812253546,0.048843296640484965,2.151091314599359,0.06452682600677703,0.16806505420250045,0.047431755960278106,3.8648016452789307,0.6710523962974548,0.1296403706073761,0.4294723570346832,0.035872384905815125,0.15761549770832062,0.11315570771694183
348,2.9417861690889464,0.22705343909210607,0.22280986905052716,0.22280986905052716,0.4081876801005658,3.313890290577058,0.06763112344008147,0.06941193669701819,0.020074726716046747,1.9212335348129272,0.6193975210189819,0.2609555125236511,0.9273097515106201,0.09088939428329468,0.4628750681877136,0.38792794942855835
349,0.24842764645249427,0.09050383799271043,0.0017968285465340846,0.0017968285465340846,0.003291789897250443,4.004615386825372,0.051593717448431824,0.27966976383473263,0.03697043451819677,2.7591164112091064,0.6054895520210266,0.18151137232780457,0.3699389398097992,0.0825730413198471,0.1345510482788086,0.27999526262283325
350,0.3131716920591549,0.09934239070974843,0.0012610243889173722,0.0012610243889173722,0.002310196680496626,3.020195952401811,0.08864913682730424,0.04907713756691265,0.040405256731400066,4.3349103927612305,0.8872865438461304,0.11607558280229568,0.9245060086250305,0.029999999329447746,0.11775080114603043,0.07111716270446777
351,1.293638797292103,0.1727704819101506,0.018653505755917787,0.018653505755917787,0.03417322254484139,4.903637264287685,0.08997100841548564,0.2088483253922295,0.02294241794283296,2.6512224674224854,0.6634578108787537,0.19285725057125092,0.7889030575752258,0.07719791680574417,0.13502655923366547,0.2800901532173157
352,0.15369406162894064,0.07159034108465141,0.0005005004126540904,0.0005005004126540904,0.0009169167559822937,3.803658925416984,0.06729648463992075,0.11697906888682762,0.012784165474956415,4.0729804039001465,0.6209794878959656,0.1261754333972931,0.31055206060409546,0.04433092102408409,0.13234607875347137,0.1102922111749649
353,0.21658077557791686,0.08443334303235268,0.0010032608666103425,0.0010032608666103425,0.0018379739076301474,3.3415944294473134,0.09546552673672624,0.049927597180807776,0.0443490764971905,3.860548496246338,0.9363988637924194,0.13348640501499176,0.29789578914642334,0.031728990375995636,0.10152007639408112,0.08018936961889267
354,0.166890566725201,0.08189096749690501,0.0013526737617903532,0.0013526737617903532,0.0024780983315999274,3.2530709982893597,0.06039507372461744,0.2975197403096831,0.02827773767501008,2.5652148723602295,0.6090728044509888,0.20403708517551422,0.31737783551216125,0.09848156571388245,0.17782501876354218,0.32971999049186707
355,1.0712944068193948,0.15806336617644037,0.005793050801689529,0.005793050801689529,0.010612869068695218,2.200255663944039,0.03951125848876992,0.04682488429348243,0.030907686514596983,4.5,0.7083104848861694,0.11157843470573425,0.4668198823928833,0.030657995492219925,0.10779202729463577,0.06864286959171295
356,3.8519342366267573,0.2563724990387901,0.043475237818574264,0.043475237818574264,0.07964663568362805,1.7951579974299992,0.09885792174985689,0.24943996471842914,0.03539550676393599,3.0675101280212402,0.6596612930297852,0.16318313777446747,0.5776339173316956,0.04105878248810768,0.13507361710071564,0.1527898609638214
357,2.3182065517204347,0.1908417924180152,0.14362859668353642,0.14362859668353642,0.2631275891242387,3.83321088379133,0.08332125415149194,0.05874478730747,0.03708596130533085,1.8755824565887451,0.759416937828064,0.28004351258277893,0.8145638108253479,0.04291385039687157,0.1886495053768158,0.3013613820075989
358,4.961548508101587,0.27596843582674635,0.07302998861553384,0.07302998861553384,0.133790939143658,2.18715329107429,0.09145049739765296,0.07008715120408501,0.01326597624616932,3.2771105766296387,0.8849350810050964,0.15272660553455353,0.621529757976532,0.03670843690633774,0.42767325043678284,0.11997014284133911
359,1.8929455893581533,0.18260025407532318,0.01721271171787554,0.01721271171787554,0.03153368786714799,1.5215305265985841,0.06695929036292728,0.08734631472303647,0.01116536117512515,2.944051742553711,0.7796467542648315,0.20419856905937195,0.8597227334976196,0.03242885321378708,0.39743363857269287,0.19530531764030457
360,2.8530381041656683,0.2058148824141179,0.05332597434840454,0.05332597434840454,0.09769318500627712,3.8049556352844602,0.09603504888515249,0.20799878790563223,0.04273191928458636,2.566725730895996,0.6795764565467834,0.19534355401992798,0.4928566813468933,0.08040959388017654,0.24849404394626617,0.28468552231788635
361,3.2277195707516317,0.2212913833281651,0.040948273662537456,0.040948273662537456,0.07501723734976862,4.248811199670951,0.053226118997405605,0.19471285031199,0.03135875935425063,3.062753915786743,0.6484456062316895,0.17058883607387543,0.38881054520606995,0.0663256049156189,0.16177381575107574,0.2118469923734665
362,0.03153189505104099,0.04825948996031347,5.807014976409564e-05,5.807014976409564e-05,0.00010638451436782321,1.5084045355724318,0.0752926719005661,0.07004818532145306,0.03587320622197079,2.4242584705352783,0.7631868720054626,0.26726654171943665,0.30432331562042236,0.030810967087745667,0.16603636741638184,0.3947909474372864
363,0.05497558257548492,0.05286712583325346,0.00014314830121542007,0.00014314830121542007,0.0002622476878266496,1.6733587110704229,0.04155193403661187,0.1770416057197625,0.0378294609656062,3.3882322311401367,0.634158194065094,0.1555280089378357,0.41334301233291626,0.03282788768410683,0.10328047722578049,0.14358526468276978
364,2.934370594054644,0.23110206556525834,0.050498034521153874,0.050498034521153874,0.0925123992427539,1.7198950799705046,0.06410753704602623,0.12947530550856867,0.031527992094380584,2.7155532836914062,0.7980838418006897,0.1897038221359253,0.7192677855491638,0.037818990647792816,0.18382704257965088,0.16626812517642975
365,0.35058355839908156,0.0977012142323844,0.002601083496999609,0.002601083496999609,0.004765184966503284,4.499000855477454,0.06515180722510275,0.19881558602340121,0.024932336554530816,3.041238307952881,0.6829033493995667,0.1712835431098938,0.36114081740379333,0.07208236306905746,0.20739947259426117,0.22432777285575867
366,0.06849948510454307,0.06896676663003873,0.0004539726295998081,0.0004539726295998081,0.0008316778574268484,3.357789747864066,0.09328670302602379,0.08618325348573988,0.02082955746573745,3.110872745513916,0.8702989816665649,0.16302673518657684,0.5144613981246948,0.04036080837249756,0.106659434735775,0.12893103063106537
367,1.4927215159804366,0.17581791047018727,0.02197433923745116,0.02197433923745116,0.04025698948301052,2.516273605638487,0.06955503561621079,0.1299502686588062,0.04968201255738737,3.0227038860321045,0.7493312358856201,0.16656911373138428,0.48122748732566833,0.045927826315164566,0.138700470328331,0.17532563209533691
368,1.7229433413212194,0.16206457317183035,0.035346112870935996,0.035346112870935996,0.06475407877955475,4.813346665367413,0.030848400103106927,0.1871129817691295,0.03169375709314321,2.3084328174591064,0.6348834037780762,0.2210347205400467,0.31220924854278564,0.1009516716003418,0.32014769315719604,0.3669869899749756
369,0.5522438421294388,0.12995466217481058,0.0018894353398005693,0.0018894353398005693,0.003461445542514643,1.8223918645251065,0.06067616288418532,0.2538704076476791,0.04419884193087603,3.5856235027313232,0.6679589748382568,0.1430712342262268,0.4976802468299866,0.033574774861335754,0.1577678918838501,0.12817230820655823
370,0.3654622252135519,0.10643808566986046,0.0023935333702339683,0.0023935333702339683,0.00438495313426863,4.384081442900614,0.07774431665539394,0.21919858671550385,0.01779994849333877,3.14806866645813,0.6865503787994385,0.16216638684272766,0.5446997284889221,0.06848996877670288,0.1297214925289154,0.21428368985652924
371,0.8792502392327175,0.14612559134466016,0.003866086053314816,0.003866086053314816,0.007082669649672743,2.5917065831632478,0.08472739883781065,0.1522499599914583,0.01643605244188776,4.289391040802002,0.6144856810569763,0.11977257579565048,0.4112415909767151,0.029999999329447746,0.1852031648159027,0.09234108775854111
372,0.07738557994043144,0.06714166647992739,0.0002445423972445513,0.0002445423972445513,0.000448001671752018,3.065346990024459,0.03368553286226198,0.09883294748646779,0.020653672898896445,3.9638266563415527,0.7145127654075623,0.13075515627861023,0.4147440195083618,0.042186252772808075,0.11142256110906601,0.09850778430700302
373,0.28430819835491256,0.10032953954704768,0.0016161719609764339,0.0016161719609764339,0.002960827032508827,1.731660114180213,0.09419060561498335,0.12456049572716488,0.011434379723771912,2.9853081703186035,0.8497649431228638,0.1892361044883728,0.6482542753219604,0.040237121284008026,0.20161326229572296,0.17410556972026825
374,0.14372675186158543,0.07733871680652227,0.0010659776444398045,0.0010659776444398045,0.001952871044613722,3.6086077164626045,0.04448086266310605,0.28710518677288377,0.0339441074774191,2.4273221492767334,0.7046242356300354,0.21246404945850372,0.5296170115470886,0.09243537485599518,0.16778181493282318,0.3264196515083313
375,0.8616535946326825,0.13881504359129,0.005343879517956999,0.005343879517956999,0.009789987276897222,2.073561273926201,0.07220456785541594,0.22996786766672359,0.016244037786187146,3.3472867012023926,0.62284255027771,0.15119794011116028,0.5180734992027283,0.04486170783638954,0.23002275824546814,0.15711399912834167
376,3.212145806366404,0.23489192234929535,0.022856547630164495,0.022856547630164495,0.04187319525846136,2.3296483430658377,0.05941236338508907,0.18737259176294294,0.02415127546395833,3.683831214904785,0.6528005003929138,0.13787208497524261,0.3224751055240631,0.043776679784059525,0.1711406111717224,0.12327030301094055
377,3.9492753806447483,0.23762805815464752,0.07004625069863375,0.07004625069863375,0.12832473127989705,4.785804941929538,0.06913575680707049,0.08302921517908544,0.02967559531430492,3.3236236572265625,0.6286479234695435,0.15180061757564545,0.5409649610519409,0.060622744262218475,0.11058259755373001,0.1630665361881256
378,0.1395129863820778,0.07878094315566395,0.0004961469303804109,0.0004961469303804109,0.0009089411764569128,2.865396455157146,0.07186575926042078,0.28957897179526093,0.01520774763485326,2.9952895641326904,0.6002736687660217,0.16897210478782654,0.20752379298210144,0.06157078593969345,0.3916122317314148,0.19813713431358337
379,0.05015332606837895,0.05066701089422369,0.0002341576170682636,0.0002341576170682636,0.0004289767544690589,3.4893335495031614,0.03479309453844948,0.11453110632475899,0.049880027951355654,3.06967830657959,0.6899718046188354,0.16417843103408813,0.2896057367324829,0.06650331616401672,0.10431162267923355,0.1533896028995514
380,0.6544959247077696,0.12517903346558346,0.0033237730369345586,0.0033237730369345586,0.006089152203664112,3.009317951542583,0.0626990393592116,0.09289918419090462,0.03747494942504825,4.220629692077637,0.6423990726470947,0.1187802106142044,0.6277982592582703,0.0352005660533905,0.13222281634807587,0.09115776419639587
381,0.06815692581706496,0.06162522158745112,0.00028895416783642527,0.00028895416783642527,0.0005293640354763311,3.5754026283534306,0.09410548520305405,0.22909690768625,0.008108303828568662,3.0000646114349365,0.6425265073776245,0.1764448881149292,0.3306185305118561,0.06212164834141731,0.30367204546928406,0.19162991642951965
382,0.1255380632763778,0.07368769557969582,0.0002845798095000365,0.0002845798095000365,0.0005213502110040668,2.575955396067619,0.0902759481147439,0.1409006641977132,0.006396718966302276,4.011106491088867,0.6979146003723145,0.12612858414649963,0.7365617156028748,0.030121397227048874,0.14951491355895996,0.08767421543598175
383,0.18836556824454098,0.08277761510410458,0.0006861335514826823,0.0006861335514826823,0.001256996666316274,3.01718832325289,0.03822947436775013,0.21865290732992212,0.014558977248342247,3.246668815612793,0.6466315984725952,0.1556955873966217,0.4080405831336975,0.06454895436763763,0.15483954548835754,0.16517193615436554
384,0.07247591221580885,0.05480582251467059,0.000470218493047618,0.000470218493047618,0.0008614402792632362,3.9605056198467596,0.08340290606487394,0.21609173407372903,0.027502661991531344,2.4329988956451416,0.6662580370903015,0.20739296078681946,0.5031753182411194,0.0890829861164093,0.18908822536468506,0.2755025327205658
385,3.158094921826182,0.23810665601739356,0.03334844814047918,0.03334844814047918,0.06109435699335786,2.4483372861834822,0.03956562405937874,0.15142254415442147,0.02268631276290444,3.6017558574676514,0.6393496990203857,0.13960780203342438,0.4151028096675873,0.04984816163778305,0.14768409729003906,0.14844970405101776
386,0.09296295271858745,0.0656232770568178,0.00025366956777988245,0.00025366956777988245,0.0004647226481727447,3.204003374701707,0.03193014614430037,0.1670522837849296,0.020199212798517847,3.85827898979187,0.6226677894592285,0.13104405999183655,0.37281298637390137,0.05256563797593117,0.1985292136669159,0.12346547096967697
387,0.3819859984504395,0.10625981745968978,0.0025647890378347753,0.0025647890378347753,0.004698693517313309,3.5427185618886483,0.049996379711266706,0.1560104532578278,0.037496703255997,3.305668354034424,0.618047833442688,0.1538568139076233,0.2875155806541443,0.06845467537641525,0.23424674570560455,0.18213002383708954
388,0.45387206906427385,0.10112853779401927,0.007593130308582132,0.007593130308582132,0.013910614725322467,1.6300583397832509,0.05724623993795111,0.12394408227976603,0.007016935864145323,1.7032874822616577,0.939996600151062,0.3058697283267975,0.8978567719459534,0.06370780616998672,0.4331135153770447,0.29666540026664734
389,1.5025311791407516,0.16977420409654487,0.012276127876285183,0.012276127876285183,0.022489866269354456,2.162604533530016,0.034984535543839054,0.09446357846522369,0.024713138664766706,3.7558467388153076,0.7299145460128784,0.1348617970943451,0.49375420808792114,0.0376584492623806,0.1322631984949112,0.11182104796171188
390,0.8461832296106676,0.13219553711672158,0.005440632539542189,0.005440632539542189,0.00996723881244129,2.230621219478482,0.0317601426104463,0.21251162320918623,0.02618907121010901,3.3470919132232666,0.6126889586448669,0.15049751102924347,0.7455761432647705,0.056330420076847076,0.1740158051252365,0.19003085792064667
391,1.525414249237964,0.16609372408419734,0.018938893458892866,0.018938893458892866,0.03469605281669173,3.4524471805660153,0.048255277681938144,0.20286266127385166,0.04571213612224037,2.8165485858917236,0.6000000238418579,0.17803162336349487,0.6166356801986694,0.07289842516183853,0.23649509251117706,0.245743989944458
392,0.5688840733511552,0.11908912621769159,0.004378932844194803,0.004378932844194803,0.00802220497056488,2.735115967014443,0.05241683114365617,0.19674106835131258,0.03564727377608863,3.10605525970459,0.6321009397506714,0.16113445162773132,0.24352361261844635,0.06773814558982849,0.17400667071342468,0.20154663920402527
393,4.610979807114342,0.2528586585986678,0.05685863783396788,0.05685863783396788,0.10416502451182916,1.7486009367289568,0.09178091287311405,0.24113210143364705,0.04527863404802714,2.58829927444458,0.9298140406608582,0.19828246533870697,0.3871987462043762,0.03152262419462204,0.16276668012142181,0.16160258650779724
394,2.469912664398278,0.21935623501121246,0.04249471205440493,0.04249471205440493,0.07785031248366983,2.345478284918875,0.05670096065128423,0.17270028754585812,0.017863010895231398,2.924408197402954,0.6215282678604126,0.17458271980285645,0.9617536067962646,0.054814741015434265,0.13705562055110931,0.21851746737957
395,0.9090770128723952,0.14028561404800205,0.02186120372345419,0.02186120372345419,0.04004972522136808,3.570663009933958,0.08674103943007522,0.06273166046488847,0.031118499942989396,2.33323073387146,0.8166968822479248,0.21936756372451782,0.40801525115966797,0.04555116593837738,0.13710704445838928,0.1883862018585205
396,3.429696319242369,0.2056869945202464,0.021110898238258693,0.021110898238258693,0.03867516557248993,2.407128498427385,0.042463469050969774,0.07465781193020914,0.03485336772559457,4.481296062469482,0.7176558375358582,0.11468083411455154,0.2917875647544861,0.029999999329447746,0.10721376538276672,0.07243634015321732
397,0.03350420789727443,0.05137943728258248,0.0001745377590852466,0.0001745377590852466,0.0003197531746441718,3.2200355600420294,0.05145473377481699,0.2273618608124473,0.04792364774542599,2.4601054191589355,0.8884033560752869,0.20870155096054077,0.3791668713092804,0.07944447547197342,0.12968182563781738,0.2076019048690796
398,4.852706407413859,0.2002756571777481,0.023272634241416117,0.023272634241416117,0.04263546593027433,1.7773011762932052,0.0540263668237982,0.09205677556157617,0.04787689652293026,4.236106872558594,0.7102128863334656,0.11837533861398697,0.22469383478164673,0.030545983463525772,0.10535816848278046,0.07162778824567795
399,0.19994797946483853,0.09672507112059751,0.0010702307565626798,0.0010702307565626798,0.0019606627460228296,3.5331483978936107,0.08209760433737338,0.07845391988520417,0.03564945809803687,4.064805030822754,0.673845648765564,0.12637333571910858,0.2014462947845459,0.030411815270781517,0.10814043134450912,0.08821354806423187
400,1.1607283085731153,0.1715788164069221,0.008975674951539971,0.008975674951539971,0.016443436511221227,3.8780747669097506,0.03477802699829039,0.29992777801213755,0.005041213565763063,2.6834850311279297,0.6664397120475769,0.19240696728229523,0.9550654292106628,0.05712559446692467,0.47505927085876465,0.27634021639823914
401,0.08693226115213473,0.06593632500472475,0.0002965689526281962,0.0002965689526281962,0.0005433143212148554,2.450487750550315,0.04353294556279304,0.18736115002659537,0.028541887580446998,3.2369277477264404,0.7371024489402771,0.15697823464870453,0.2505265176296234,0.05707928165793419,0.20745399594306946,0.14827339351177216
402,0.1354560107279779,0.07522649232953324,0.001710982296692227,0.001710982296692227,0.00313451956754016,1.6710590556905904,0.03236129795603619,0.04282004433328426,0.031264298364943016,2.167144775390625,0.8800954222679138,0.24396991729736328,0.3227631151676178,0.0638098269701004,0.16792359948158264,0.2491273581981659
403,2.1482343861469277,0.2258277143345648,0.019378700100687797,0.019378700100687797,0.03550177858446005,2.3688188848265335,0.06535907359727922,0.03724454705364524,0.034973494112100025,3.9708847999572754,0.9374164342880249,0.12730810046195984,0.28715330362319946,0.029999999329447746,0.11394847184419632,0.0690331757068634
404,3.858123218558227,0.23760687254652227,0.15100738077323506,0.15100738077323506,0.27664552157656663,4.539080018753998,0.0499935720441289,0.12492871363976814,0.03961997827627258,2.2816309928894043,0.6329435110092163,0.22225594520568848,0.5687211751937866,0.1020045354962349,0.24018393456935883,0.35258445143699646
405,0.8656868186439161,0.1360238945078065,0.005441744457141028,0.005441744457141028,0.009969275845482364,3.9908430999926776,0.045770745843248,0.06869049153026593,0.025782092615608057,3.962897777557373,0.6969909071922302,0.12757021188735962,0.34141188859939575,0.037718601524829865,0.23022416234016418,0.10736656188964844
406,0.0677556357823016,0.061886681446152295,8.921200193858039e-05,8.921200193858039e-05,0.00016343638755147928,1.6495664102819627,0.03421293386815803,0.24118983080487102,0.03968645424129087,3.8826653957366943,0.7061567306518555,0.13406221568584442,0.23316431045532227,0.04063868150115013,0.11355744302272797,0.11074244230985641
407,0.07268750456292766,0.06279152867730287,0.0005707312403712502,0.0005707312403712502,0.0010455796323601304,2.735286156656213,0.08975990967435427,0.2054043813686,0.028663974118545228,2.5403811931610107,0.6933372616767883,0.19822879135608673,0.2574315071105957,0.0716114193201065,0.14624178409576416,0.23319482803344727
408,3.4583857903983612,0.2578544912715043,0.04513721373879892,0.04513721373879892,0.08269137556947963,1.6461619236055318,0.07526120623898568,0.23924212295727815,0.04878945390857109,2.676067590713501,0.7412276268005371,0.18699206411838531,0.3602631688117981,0.029999999329447746,0.20008553564548492,0.1713942289352417
409,1.921527791551164,0.2043350211765827,0.03476070979163636,0.03476070979163636,0.06368162033827782,2.7238111735092656,0.05190279111164417,0.12656590589064592,0.04937870553448449,3.221743106842041,0.6148775219917297,0.15896329283714294,0.5772924423217773,0.0675177276134491,0.10290969908237457,0.19559219479560852
410,1.9263123476023707,0.1910773598941991,0.01998627051477244,0.01998627051477244,0.03661484758306311,3.6326685041627704,0.09559962884967003,0.24666872700471074,0.012190370779565368,3.0054826736450195,0.6079539060592651,0.17041859030723572,0.8505708575248718,0.06197991967201233,0.19464895129203796,0.22975997626781464
411,0.08745302993085814,0.0659225693181672,0.0009673311513868521,0.0009673311513868521,0.0017721506693407132,4.620969036738391,0.06073190201335868,0.18763864362491497,0.028464510022761937,2.230743169784546,0.6722189784049988,0.2269415259361267,0.3132516145706177,0.10654774308204651,0.2262381613254547,0.35122448205947876
412,0.0204231185591113,0.04063336115461479,4.032071030311896e-05,4.032071030311896e-05,7.386754127531395e-05,2.3677363698870257,0.054268436666667384,0.22769112954048418,0.046564890645219105,3.6245527267456055,0.7179477214813232,0.14056086540222168,0.2098955363035202,0.040552251040935516,0.11863742023706436,0.12407203763723373
413,0.37482736169779074,0.1011235115168327,0.003480470802873618,0.003480470802873618,0.006376222510864469,4.953838709346993,0.09205864188056939,0.1857185210108448,0.04450404717605395,2.848062038421631,0.6396189332008362,0.17623886466026306,0.3262861967086792,0.08108952641487122,0.18625065684318542,0.23517891764640808
414,1.072114512796439,0.16162436742257497,0.009010889434183175,0.009010889434183175,0.016507949443423577,3.9277234633571476,0.06862254486799782,0.09482653570171026,0.032947763281859964,3.8311767578125,0.6553944945335388,0.13347816467285156,0.49224498867988586,0.044713426381349564,0.14897708594799042,0.12219350785017014
415,3.884738766442908,0.2281847295239658,0.058985042048811664,0.058985042048811664,0.10806059703342297,4.710700655390006,0.07996350737534086,0.20096893202053315,0.009512732161423662,2.6314382553100586,0.6000000238418579,0.19111421704292297,0.6079816222190857,0.06409991532564163,0.32525187730789185,0.26792439818382263
416,1.6622261238267066,0.1608361934113729,0.010947015046402173,0.010947015046402173,0.02005493156500878,3.3784339353269326,0.09228460964471658,0.10866242883457419,0.00941608260972368,4.1669487953186035,0.6216462850570679,0.12014473974704742,0.8170167207717896,0.03123117983341217,0.13468283414840698,0.09872148931026459
417,0.03079012488193942,0.04473298774361639,3.493885078030158e-05,3.493885078030158e-05,6.40079746295125e-05,1.7824637988452938,0.0976066578994583,0.2739709898169759,0.015475548133893093,3.1400692462921143,0.7912672758102417,0.17053574323654175,0.38961711525917053,0.029999999329447746,0.12991389632225037,0.16365422308444977
418,0.42625587860423453,0.11421385693844724,0.0019923055139371673,0.0019923055139371673,0.0036499037015328907,2.284034008143086,0.05301064004169426,0.2393750780848108,0.010240371755240996,3.4069037437438965,0.6264186501502991,0.1474025398492813,0.4083654582500458,0.05003844201564789,0.2382660061120987,0.17042700946331024
419,0.10844295756784036,0.060025279051489626,0.00041323541131681223,0.00041323541131681223,0.0007570472735324,4.724444564138256,0.07659861717001565,0.12403656625602055,0.02016483001190628,3.3532373905181885,0.6838623881340027,0.15221500396728516,0.2265772521495819,0.054523125290870667,0.14289160072803497,0.14223870635032654
420,2.951267167562382,0.16814488022485125,0.011346797095504084,0.011346797095504084,0.020787332278963483,1.8392428491258506,0.04172491442665525,0.04751566857976815,0.04552874435260384,4.379400253295898,0.6615326404571533,0.11460960656404495,0.3402668535709381,0.029999999329447746,0.10026027262210846,0.06851188838481903
421,4.735675686974566,0.30446093656648165,0.13095052024610856,0.13095052024610856,0.2399013530908709,3.382217933094439,0.09925868046771763,0.2154030789555161,0.018400488405899976,2.5711584091186523,0.601982831954956,0.19679783284664154,0.9863172769546509,0.0739656537771225,0.28189730644226074,0.2964026629924774
422,0.3685795725065574,0.10726584092431722,0.0031153502842175213,0.0031153502842175213,0.0057073217206865,4.776525496744386,0.054145517798232866,0.16745665089662434,0.0419839224268827,2.885841131210327,0.6435089111328125,0.17725402116775513,0.6794602870941162,0.07063272595405579,0.24518312513828278,0.22563974559307098
423,2.406509567031406,0.17894083085384618,0.016374713813705016,0.016374713813705016,0.02999847570670759,3.223796864394116,0.09575801885639018,0.03256516754306619,0.0348994454121651,4.387372016906738,0.9226623177528381,0.11932399123907089,0.32298868894577026,0.030081359669566154,0.1919400990009308,0.06449991464614868
424,0.037780130944240375,0.05834881616201659,0.0001890921955022407,0.0001890921955022407,0.000346416902160105,3.6862205784113717,0.08663996125278137,0.1755868073693056,0.022218479974051002,2.8579087257385254,0.8123180866241455,0.1755552887916565,0.268191933631897,0.06066782400012016,0.20458249747753143,0.16020241379737854
425,1.8064343282314683,0.18927630803777046,0.009246833220934397,0.009246833220934397,0.016940198460751815,2.12527446859012,0.09843107917673023,0.12030702844798921,0.04546188686933216,3.942643642425537,0.8381083607673645,0.12835693359375,0.9066662788391113,0.030517421662807465,0.10328459739685059,0.08535691350698471
426,0.08983978275765866,0.07068156537888812,0.0010314319394607587,0.0010314319394607587,0.00188958331309211,3.640831328668103,0.05367584592308734,0.21602486680796226,0.012820860383857265,2.0559241771698,0.6761744618415833,0.2526663839817047,0.4585927128791809,0.11440152674913406,0.38915207982063293,0.37266430258750916
427,1.6319427917544662,0.1938907399865059,0.06501782223738913,0.06501782223738913,0.11911265033889688,1.9802676350434218,0.09665363287427298,0.0692357010563612,0.027441116574804466,1.9466975927352905,0.9239617586135864,0.27674219012260437,0.7831371426582336,0.07961611449718475,0.357411652803421,0.32745465636253357
428,0.49976284376328745,0.14074985469181087,0.0013802066145741762,0.0013802066145741762,0.002528538517899891,1.507611743677448,0.044338456920797964,0.1419262869831092,0.04129966275891041,2.9232749938964844,0.8230797648429871,0.17465341091156006,0.3850552439689636,0.029999999329447746,0.12484470754861832,0.12545743584632874
429,0.02195906705094827,0.035821852044837614,3.6403702766686265e-05,3.6403702766686265e-05,6.669158346856924e-05,3.667214894803593,0.0850867550664487,0.24498693264574603,0.025930463326167396,3.390134811401367,0.7874404788017273,0.15082314610481262,0.5692505240440369,0.04606492444872856,0.11061321943998337,0.12879084050655365
430,0.3900452556146885,0.13283833836521733,0.0029480108520897443,0.0029480108520897443,0.005400755881028412,4.036726399672473,0.09864200883018313,0.07922653779369918,0.009610465995670461,3.6996400356292725,0.6705246567726135,0.13597743213176727,0.4703063666820526,0.03173781558871269,0.24252554774284363,0.10281666368246078
431,0.09575111578628372,0.06689065575599559,0.0009860025912310567,0.0009860025912310567,0.001806356747135296,3.658500340202157,0.09554058072704945,0.16047511380541016,0.01682639417870331,2.4736671447753906,0.6248327493667603,0.20696179568767548,0.7153297066688538,0.07750299572944641,0.20317761600017548,0.26689502596855164
432,0.21085341465928012,0.10786296579587398,0.0015521147349097692,0.0015521147349097692,0.002843474194354697,3.316646144066713,0.08054004496911307,0.19976772882854077,0.02209301705329392,2.956709623336792,0.6147680878639221,0.17084021866321564,0.25261449813842773,0.06708630919456482,0.2267303317785263,0.20053958892822266
433,1.5003930032262718,0.19145059047970342,0.016628955947560652,0.016628955947560652,0.030464247295931116,2.905335566385452,0.07487038325981243,0.28845868267169517,0.011759146734115005,2.6392810344696045,0.6848368644714355,0.1927870362997055,0.7200372219085693,0.06778883934020996,0.2950071692466736,0.27590587735176086
434,0.3202441546329934,0.10598956505145934,0.00242165284238126,0.00242165284238126,0.004436468007242469,3.13336930764579,0.08346953742596414,0.13108550937478203,0.006362249804722532,3.1781837940216064,0.6306372284889221,0.16120661795139313,0.7977195978164673,0.04376162216067314,0.1998780220746994,0.16843102872371674
435,2.0468069003375167,0.17627740467748954,0.05650328759627711,0.05650328759627711,0.10351402287637967,3.677390310599065,0.06627846275015019,0.08147977363058154,0.008592888015530466,2.449873685836792,0.6625439524650574,0.21195322275161743,0.9142947196960449,0.05951879546046257,0.28756463527679443,0.27698665857315063
436,1.4155068982189345,0.1572772708177598,0.014048107532007482,0.014048107532007482,0.02573613299863771,4.347587585487608,0.0829336086155584,0.15720766103898137,0.04154633409192864,3.2116761207580566,0.617710530757904,0.156730517745018,0.215048149228096,0.060653217136859894,0.2912282347679138,0.18531715869903564
437,3.5240806900657726,0.23795072664187258,0.029005635723462313,0.029005635723462313,0.053138324645382956,2.3988099860367074,0.082561365758828,0.17635738850998858,0.03859173238651449,3.7379932403564453,0.757598340511322,0.13552303612232208,0.5692293643951416,0.03563738986849785,0.13569000363349915,0.11490590870380402
438,1.7651568312988195,0.16716479490402325,0.029763652369131244,0.029763652369131244,0.054527011140248445,2.2703002782199366,0.09736520418057151,0.11231784775449653,0.009447603168262902,2.662379026412964,0.9030582308769226,0.1916249692440033,0.9677577614784241,0.04516682028770447,0.37406378984451294,0.1703624427318573
439,0.9813959337916401,0.1486453019883218,0.012721233253246821,0.012721233253246821,0.023305299319948177,4.638429959055045,0.035018037657611176,0.17788848575704969,0.006063486166447649,2.5065348148345947,0.6049015522003174,0.20050838589668274,0.9719484448432922,0.07254987955093384,0.3322840631008148,0.2959722876548767
440,0.11479157214761423,0.06928944250136991,0.0005125181850355484,0.0005125181850355484,0.0009389333149851248,4.653227299041128,0.09277615588481332,0.2944829946004083,0.03332765167865396,2.7204458713531494,0.6682065725326538,0.1921927034854889,0.3527141511440277,0.07574187219142914,0.2437317818403244,0.24823229014873505
441,4.903010117368244,0.26767490061199095,0.05903008050003131,0.05903008050003131,0.10814310747605736,1.6044868299137613,0.056939528813827966,0.22056860479996304,0.009864401162430671,2.8091232776641846,0.814444899559021,0.1891743540763855,0.8812611103057861,0.029999999329447746,0.46211761236190796,0.165385439991951
442,3.3397939487758483,0.22121693397294323,0.11410980980374187,0.11410980980374187,0.2090491715604551,2.297135747745318,0.07841711734926435,0.1922170971297946,0.012382364207123856,2.104327440261841,0.7179627418518066,0.24344727396965027,0.8026923537254333,0.07390627264976501,0.33583614230155945,0.34396475553512573
443,1.5640174388687837,0.16061712759407887,0.017938269511796057,0.017938269511796057,0.032862909745610375,3.145993790303626,0.06259240375420887,0.12465722903216608,0.008638628958566806,3.1549317836761475,0.6000000238418579,0.16499526798725128,0.6709197759628296,0.04918646067380905,0.2903909683227539,0.1860528290271759
444,1.4167190072073348,0.17189097095690034,0.010372409809662602,0.010372409809662602,0.019002254771301887,2.5226754513038463,0.06699158652140612,0.23012368667366018,0.038306313638043564,3.5390682220458984,0.6187421679496765,0.14501532912254333,0.5360220670700073,0.05188692361116409,0.16553375124931335,0.1637723743915558
445,0.05666762714445651,0.04892909987003299,0.00018750385939046103,0.00018750385939046103,0.0003435070704033246,3.312009847873649,0.05040988828757391,0.08989092934343226,0.02247295912642963,3.498124599456787,0.7784572243690491,0.14615266025066376,0.39692002534866333,0.04344674199819565,0.1505717635154724,0.1166766881942749
446,2.0100064585013877,0.22385144331188947,0.03508600906382447,0.03508600906382447,0.06427756860492642,3.433343499558849,0.05017568287108195,0.161260192119392,0.021777131776889596,2.87684965133667,0.6447544693946838,0.1780686378479004,0.9301012754440308,0.06453616917133331,0.21210235357284546,0.2363032102584839
447,0.3703086893535232,0.11177773186281273,0.0012312073432759433,0.0012312073432759433,0.002255571852881528,2.2339042175386843,0.030663403601346326,0.15125808344828284,0.038207551774435376,4.031293869018555,0.6000317931175232,0.12417276948690414,0.24899861216545105,0.04015412554144859,0.35264578461647034,0.11059388518333435
448,2.3184765583977884,0.18755121484960255,0.0432078784845153,0.0432078784845153,0.07915683338363204,2.4715351215350103,0.033633139067933526,0.23554066090209733,0.042188709353585256,2.594102621078491,0.6189760565757751,0.19661588966846466,0.44630300998687744,0.08519274741411209,0.18720318377017975,0.32616445422172546
449,1.8349383792383533,0.1519963017253096,0.032062352806332274,0.032062352806332274,0.05873823034120073,1.8330456288570955,0.05032767148521577,0.26085396320128307,0.045911950954626836,2.3472976684570312,0.6290566325187683,0.21993263065814972,0.3468407690525055,0.08510768413543701,0.24533434212207794,0.33175548911094666
450,0.1988012397796624,0.08071840547286117,0.0005437226289402573,0.0005437226289402573,0.0009960998562185514,2.3899046879635906,0.036231911387488346,0.12844695161779443,0.03733456754882986,4.485170364379883,0.600655734539032,0.11252191662788391,0.2177678942680359,0.04272056370973587,0.1320592314004898,0.09220807999372482
451,3.401013989513275,0.23546703471528968,0.07769779467800726,0.07769779467800726,0.14234235985010932,3.815018569059138,0.041184623711704345,0.13144296599218527,0.04834951817843908,2.773483991622925,0.6273275017738342,0.18224233388900757,0.42552536725997925,0.07825940102338791,0.20518122613430023,0.24337711930274963
452,2.361194452773274,0.20015437130891142,0.052406546786582506,0.052406546786582506,0.09600879371301915,4.195689818079894,0.0920535543861141,0.11117728725217263,0.04435845280906868,2.9518938064575195,0.60064297914505,0.17165735363960266,0.7162501811981201,0.06530805677175522,0.1258302628993988,0.21536311507225037
453,1.3192252929856347,0.17411416705515165,0.03493723024931363,0.03493723024931363,0.06400500581674258,4.5226273628955855,0.06502187278359531,0.08136303562612945,0.04972015368121384,2.6456873416900635,0.6412159204483032,0.19275878369808197,0.78012615442276,0.07685904949903488,0.16603492200374603,0.263976514339447
454,0.07341128423074232,0.05522268961906111,0.0004542167231657589,0.0004542167231657589,0.0008321250368396704,4.78932061679813,0.09148723121191059,0.17017104098818164,0.04538315430092954,2.900667905807495,0.6360012888908386,0.1725528985261917,0.2923896908760071,0.08596635609865189,0.11291603744029999,0.2115589827299118
455,3.3162414646799148,0.21947501905289,0.05210440141615422,0.05210440141615422,0.09545526339439453,4.535929503411607,0.06638748635495964,0.14244801648048322,0.015951281001411032,2.793623447418213,0.6797892451286316,0.17944452166557312,0.7079083323478699,0.06368186324834824,0.19806645810604095,0.22027429938316345
456,0.03337838012322497,0.05334004966635174,6.61538182453328e-05,6.61538182453328e-05,0.0001211937950254497,3.139478385061528,0.053111921238263,0.05541717842863149,0.030980038561889037,4.5,0.8116889595985413,0.1118956133723259,0.44740888476371765,0.03067195601761341,0.16667623817920685,0.06908099353313446
457,1.143387462418803,0.18048975885311241,0.006219312277143956,0.006219312277143956,0.011393780091727727,1.796361159933654,0.059286404056319575,0.1349024637555387,0.02963353224243304,3.5050253868103027,0.7666894793510437,0.14271338284015656,0.3432430624961853,0.029999999329447746,0.46924301981925964,0.10214249789714813
458,1.6467766039021272,0.16132654891961062,0.014328091185696829,0.014328091185696829,0.02624906305219659,1.982511321595277,0.04575686887203179,0.2763524605946121,0.03873084745358663,2.9549193382263184,0.6365098357200623,0.1723318248987198,0.5488399267196655,0.061648350208997726,0.1334090530872345,0.21814076602458954
459,0.11577142038796213,0.07634579446207167,0.0006681587446689851,0.0006681587446689851,0.0012240668202335807,3.0229418751377164,0.03575210208674821,0.059681931957574465,0.008233852229668617,3.611497163772583,0.7113760709762573,0.14275412261486053,0.5978960394859314,0.044403720647096634,0.15466001629829407,0.1233186274766922
460,3.6814454057077173,0.19183864430603198,0.04207258781304723,0.04207258781304723,0.07707698087350252,2.5460267692850205,0.03712205749241837,0.14703770426184076,0.025242631223849555,3.3295302391052246,0.6278196573257446,0.1536383479833603,0.42814528942108154,0.059347573667764664,0.18925388157367706,0.17607007920742035
461,2.6032603965531425,0.19811481530745792,0.07374591498579457,0.07374591498579457,0.13510251625397565,3.3984230084386726,0.06468529121169822,0.16798386406506569,0.04339289112812652,2.171066999435425,0.6664548516273499,0.23409192264080048,0.8931434750556946,0.0952732190489769,0.12689147889614105,0.3608575761318207
462,4.291628416218492,0.2823190367263306,0.03586202530567476,0.03586202530567476,0.06569923035999617,2.4174865526460563,0.062037007387431585,0.08481017853701707,0.024064275258624663,4.327622890472412,0.6872103810310364,0.11568261682987213,0.40422314405441284,0.029999999329447746,0.158676415681839,0.07423004508018494
463,3.6450795063385475,0.20088178837723566,0.020209947572536763,0.020209947572536763,0.03702462395288735,1.8889348575091105,0.038307729823835804,0.04082890268547863,0.013232099326222744,4.462317943572998,0.7049114108085632,0.11426346004009247,0.8852807283401489,0.029999999329447746,0.15826891362667084,0.07229620218276978
464,0.9840100870715496,0.13645294690300877,0.0032477904778158728,0.0032477904778158728,0.00594995215535868,1.8886532215966652,0.07973983438245419,0.2490600347531063,0.03699677805812183,3.562910795211792,0.6286057233810425,0.14109542965888977,0.27379387617111206,0.03285423293709755,0.24730245769023895,0.12027254700660706
465,0.020820591750620013,0.0401993485851573,1.815457526749551e-05,1.815457526749551e-05,3.3259181890051775e-05,1.7868977536693529,0.045576923823803295,0.17976300033134113,0.017484064394938624,3.7461488246917725,0.7142170071601868,0.14156557619571686,0.4087573289871216,0.029999999329447746,0.12302687019109726,0.13159751892089844
466,2.9581220557636585,0.22495497149713148,0.030205161109386036,0.030205161109386036,0.05533585515239522,2.6632599716742162,0.0654187587301507,0.2217155324228965,0.0481378354085319,3.271737575531006,0.7171275615692139,0.15394042432308197,0.8023182153701782,0.04984735697507858,0.19355545938014984,0.18729214370250702
467,0.3950190119357576,0.09276635273253847,0.00404940392532606,0.00404940392532606,0.007418507991197342,4.279014014716207,0.09997973279442202,0.10273686397784476,0.030775465933290183,3.1016616821289062,0.6207590103149414,0.16243846714496613,0.28811925649642944,0.06469489634037018,0.14937973022460938,0.18616461753845215
468,0.27192246429526595,0.09392603803975078,0.00158269968601038,0.00158269968601038,0.002899505824771016,4.812630301163465,0.054656305656550656,0.15562720092293106,0.04276489083972747,3.0920138359069824,0.6615247130393982,0.1663365662097931,0.3496958911418915,0.06285284459590912,0.188888818025589,0.18433433771133423
469,3.9257729477371095,0.25215939102846635,0.051089714547890464,0.051089714547890464,0.09359635705173533,2.2656719027437693,0.07553990386687995,0.23386871695682518,0.045398914878277,3.242751121520996,0.6421949863433838,0.1569143384695053,0.7422663569450378,0.050819557160139084,0.1513305902481079,0.18320044875144958
470,3.9823356634090015,0.2820223858610638,0.05767290825126343,0.05767290825126343,0.1056567679163146,2.963670686212274,0.09898408054359283,0.2698111538788137,0.04270883490430185,3.034867286682129,0.6816118955612183,0.1662718653678894,0.5362889170646667,0.06496033072471619,0.12771281599998474,0.2138562649488449
471,0.7105017132664182,0.12368455895043412,0.005454595230083004,0.005454595230083004,0.009992818461512063,2.744692636622383,0.06359222598738276,0.13964490820463854,0.012380822243258718,3.270803213119507,0.6916455030441284,0.15290673077106476,0.7418168783187866,0.04783875495195389,0.17156030237674713,0.16352027654647827
472,0.06256069624007711,0.060952112512928605,0.00023476566147218094,0.00023476566147218094,0.0004300906918170355,4.825385993637297,0.09936087253646632,0.13920835893470523,0.040752459959414185,3.6334142684936523,0.6527215838432312,0.14154201745986938,0.20365962386131287,0.051351044327020645,0.11836414784193039,0.12201392650604248
473,0.06403952056763942,0.06904209095243961,0.0006088370962364063,0.0006088370962364063,0.0011153895603050964,3.961219558218029,0.06937370844001428,0.18977553892375085,0.04028283541022671,2.4586451053619385,0.6515872478485107,0.20903055369853973,0.6011649966239929,0.09436074644327164,0.17117103934288025,0.2803715765476227
474,0.06424395152457063,0.0541492239794885,0.00020103077667661388,0.00020103077667661388,0.00036828838287155665,4.6972657714213915,0.03450033473190506,0.058806876264253814,0.005579676757724122,4.030125141143799,0.6316126585006714,0.12471228837966919,0.9976512789726257,0.040239423513412476,0.1064511239528656,0.10594531893730164
475,1.8434650829715038,0.1651060258628932,0.012218382545779363,0.012218382545779363,0.022384076823867793,2.499620339376406,0.05612039547401338,0.23611389303901553,0.005931502479501862,3.135179281234741,0.602543830871582,0.16039042174816132,0.8069456219673157,0.047196898609399796,0.3372904360294342,0.1929970234632492
476,0.7117937008130032,0.12511482159445245,0.002693773911890152,0.002693773911890152,0.004934993806582758,2.1505518601107125,0.07861280866403655,0.2728055344710233,0.02744871123287716,3.366698980331421,0.6378217339515686,0.14915615320205688,0.2620144784450531,0.04495243355631828,0.21440628170967102,0.14329174160957336
477,4.487137541748072,0.22904319142486676,0.048099885667372694,0.048099885667372694,0.08811899054262678,2.705910664725291,0.06805091318008015,0.17047192762923696,0.03301581053806755,3.461305618286133,0.6842175722122192,0.14528420567512512,0.4384194612503052,0.04529114067554474,0.15412695705890656,0.15194983780384064
478,4.22289638780025,0.28094979201679016,0.0725245279534739,0.0725245279534739,0.1328649352107642,3.841395580196907,0.07228677672302491,0.17842042785651296,0.017397010363850576,2.9165432453155518,0.6379247903823853,0.17597730457782745,0.8577607870101929,0.06114494800567627,0.31754109263420105,0.21725092828273773
479,0.03894521448580759,0.044100607697216,0.00022067293741549057,0.00022067293741549057,0.0004042728213451787,4.12128740762528,0.051988971800809095,0.16048823414863003,0.0423635251545127,2.4390265941619873,0.6944804787635803,0.20598705112934113,0.25678908824920654,0.07633012533187866,0.20642587542533875,0.21411161124706268
480,0.6140030563900711,0.1280596241863501,0.004149644880596663,0.004149644880596663,0.007602149421253088,3.1342921290624517,0.08981998475941451,0.2401585961850187,0.007422455447266286,2.9006330966949463,0.6631137728691101,0.17421051859855652,0.669029176235199,0.058073583990335464,0.27870941162109375,0.21737858653068542
481,1.1426194962929956,0.15449419175396725,0.008651255093907729,0.008651255093907729,0.01584909933203896,3.2674569017907036,0.07925530213456781,0.0902573530580311,0.011422112331698868,3.8867006301879883,0.6545413136482239,0.13125155866146088,0.3803308308124542,0.03203711286187172,0.31927141547203064,0.10689904540777206
482,3.427932813352188,0.22316819025376755,0.051535069780172416,0.051535069780172416,0.09441224783727586,2.166804642049697,0.08754714732032817,0.037105915024936105,0.026747024312269184,2.9900104999542236,0.9319857954978943,0.17191720008850098,0.5777328014373779,0.04650527611374855,0.2131694108247757,0.12981997430324554
483,0.07883977286304468,0.07149766594178017,0.00023138616921710993,0.00023138616921710993,0.0004238994620057454,2.393789059462276,0.07178789977936409,0.11095591298156207,0.04234853989543607,4.412932395935059,0.6892536282539368,0.1182778924703598,0.26256927847862244,0.036046553403139114,0.10000000149011612,0.082480788230896
484,0.583666982156803,0.1372966593625612,0.0048257351218144685,0.0048257351218144685,0.008840746743164107,4.225285902605773,0.06770164103409737,0.1738054292371327,0.023463500185182867,3.191588878631592,0.6570114493370056,0.16044436395168304,0.6557087302207947,0.06825043261051178,0.15808837115764618,0.1908988058567047
485,2.378330011845396,0.196515723366128,0.049508076064541426,0.049508076064541426,0.09069879535023989,2.9128073335199334,0.06849345641500171,0.07796822277095095,0.019333259913957544,2.865388870239258,0.7857930660247803,0.17808514833450317,0.43700265884399414,0.03221685811877251,0.2599547505378723,0.1554533690214157
486,0.05561363766439967,0.06575726331140964,0.0009015319458031194,0.0009015319458031194,0.0016516065247113149,3.538319239653885,0.07909438467216859,0.07337509293395165,0.028930168403105354,2.3720908164978027,0.7604576945304871,0.23155564069747925,0.6216356158256531,0.059848129749298096,0.14419956505298615,0.23124629259109497
487,2.4231659809187778,0.19172322114489726,0.024318757968657425,0.024318757968657425,0.04455196459858041,1.7370479961823935,0.07021025343564924,0.19452368158396358,0.03501496323681247,3.055417537689209,0.6806710362434387,0.16862986981868744,0.7864536046981812,0.033962227404117584,0.11613931506872177,0.1496029645204544
488,0.6748417123358484,0.11015864141618048,0.005133568305047898,0.005133568305047898,0.00940469713484775,4.3340460258674,0.06734036927123749,0.20219376244481194,0.033126284617487435,2.820549726486206,0.7096030712127686,0.1818128079175949,0.9088870286941528,0.07398191094398499,0.10023655742406845,0.24365410208702087
489,2.851071557032179,0.2251072814894318,0.020599636985874466,0.020599636985874466,0.03773853495812202,2.6508402648516993,0.09077529302741585,0.26111905793315326,0.0306520216328051,3.7076117992401123,0.6084567308425903,0.1367017924785614,0.360007107257843,0.04972407594323158,0.19541777670383453,0.14229731261730194
490,0.8917860081184874,0.14995306983842183,0.010608874722174297,0.010608874722174297,0.01943545849102331,3.392614458858753,0.08911132193213199,0.29718134704712074,0.034839675370491346,2.540079116821289,0.6204149723052979,0.19956395030021667,0.47346231341362,0.0946345180273056,0.17642167210578918,0.3096771836280823
491,3.109767804035649,0.19061528548810944,0.054029650162745385,0.054029650162745385,0.09898231909814954,3.7928653629507987,0.0939275928028285,0.1896338220826329,0.016070825925590605,2.601971387863159,0.6171343326568604,0.19945837557315826,0.5669125318527222,0.07477220892906189,0.22891955077648163,0.27825579047203064
492,1.2893516027294334,0.16629295669083577,0.01071759596921862,0.01071759596921862,0.019634635815608512,3.0704536596998615,0.0745675091699786,0.18253308366661086,0.012425890086644478,3.3170580863952637,0.6690405011177063,0.15531527996063232,0.5583359003067017,0.04826394468545914,0.1830981969833374,0.17276738584041595
493,0.23939080747855437,0.08232514991737967,0.002361434764691301,0.002361434764691301,0.004326148488914464,1.8198285310607547,0.057664222616158736,0.05076276223763787,0.040237971773005005,2.388915538787842,0.9253978729248047,0.21515129506587982,0.7965600490570068,0.05596984177827835,0.13168703019618988,0.20207184553146362
494,0.15269161348524699,0.07980880334787363,0.0004107728649220457,0.0004107728649220457,0.0007525358885371878,2.0900632048125334,0.05597362556755666,0.1450646592412977,0.008053855283601339,3.9700095653533936,0.6867876648902893,0.1301879584789276,0.6436344385147095,0.03254469484090805,0.12057691067457199,0.09494529664516449
495,0.021037070898038236,0.04428058514274021,5.7151414187514556e-05,5.7151414187514556e-05,0.00010470139079152667,3.550334279634662,0.055728178642534695,0.29906560696309525,0.020567769030644566,3.142991542816162,0.696540892124176,0.16014201939105988,0.2941853702068329,0.060747917741537094,0.13655172288417816,0.1567859798669815
496,0.4615497211307156,0.10787769414047116,0.0015021207354487922,0.0015021207354487922,0.0027518851873421873,2.5338893390260795,0.06964083432872983,0.18784929825294452,0.04276270891316676,4.215097427368164,0.6000000238418579,0.11933165788650513,0.26396608352661133,0.037126295268535614,0.1270074099302292,0.10465066134929657
497,0.189679278912213,0.08907069908981916,0.0006530369311570197,0.0006530369311570197,0.0011963636578796602,3.2907277837633635,0.0909889754273078,0.11936786140685174,0.005243676460500378,3.8864221572875977,0.6979101896286011,0.12971124053001404,0.540985107421875,0.029999999329447746,0.16931137442588806,0.09510043263435364
498,2.004849463474909,0.16575416955140843,0.03486538640200425,0.03486538640200425,0.06387338788847179,3.301166456861824,0.06537704544807169,0.13052514680999144,0.04692753622136114,2.873129367828369,0.6274082660675049,0.17720229923725128,0.37700414657592773,0.07108833640813828,0.21696798503398895,0.22840213775634766
499,0.09071583316195485,0.06089589925078561,0.00034717936244162123,0.00034717936244162123,0.0006360325919930501,3.7694916363277757,0.07943022129425509,0.24192939606578212,0.03483018252102931,3.038775682449341,0.723959743976593,0.1711602509021759,0.3157140910625458,0.07041757553815842,0.10000000149011612,0.1839579939842224
500,0.25465858288125987,0.0858661369317888,0.0013326273579408346,0.0013326273579408346,0.002441373319747609,4.952076859772412,0.08011136367210024,0.1420175082646694,0.017352441460586194,3.514617919921875,0.630632758140564,0.14550435543060303,0.35585838556289673,0.056331150233745575,0.11481620371341705,0.15986798703670502
501,0.042121515576053224,0.056461080543916665,0.00013480361143030663,0.00013480361143030663,0.00024696021614032174,4.2811273806151435,0.08745916311956481,0.0920277006468265,0.00898977189663943,4.084523677825928,0.6835957169532776,0.12307609617710114,0.6809683442115784,0.03596869483590126,0.18179260194301605,0.09439121931791306
502,2.6568095081531546,0.24175932059948255,0.02429718860680428,0.02429718860680428,0.04451244952766544,3.1408408100441108,0.07160254397883056,0.1775839514782339,0.0494767838663214,3.725285768508911,0.6221104860305786,0.13627783954143524,0.6213865876197815,0.04731035977602005,0.1058947965502739,0.13174620270729065
503,0.03045382471451621,0.043979449201115635,0.0001316562846815295,0.0001316562846815295,0.00024119431353656205,2.7190989008827415,0.09165895227576087,0.19573018856150506,0.035285751400478696,2.6157991886138916,0.8830623626708984,0.19314685463905334,0.504891037940979,0.056361544877290726,0.1417294591665268,0.17244946956634521
504,2.810418122968077,0.2152463726031825,0.020868942064942938,0.020868942064942938,0.03823190186297546,2.2569897124609986,0.05100679421013278,0.23021473839218495,0.03955678007465816,3.3999276161193848,0.6265643835067749,0.14802755415439606,0.637972354888916,0.04438912868499756,0.1977524757385254,0.1573687642812729
505,0.051420015248815745,0.05465962319418511,0.0002707796737798587,0.0002707796737798587,0.0004960683623647012,4.796542062735333,0.08066716262079368,0.0498499695778322,0.0063736604213459926,3.3622796535491943,0.8024475574493408,0.14892718195915222,0.49558624625205994,0.03465734422206879,0.17288704216480255,0.1124078631401062
506,3.434765535211813,0.2067059900674165,0.09297106948171845,0.09297106948171845,0.1703229992905082,3.8719278281021303,0.08505514334523649,0.1021955956788424,0.023405640942179808,2.5960934162139893,0.6617028713226318,0.20467247068881989,0.6591200828552246,0.05359269306063652,0.2979739308357239,0.2544194459915161
507,2.0533029815064885,0.19396223782372501,0.014577762746766343,0.014577762746766343,0.026706461352075942,3.085857870760881,0.03719254952262646,0.09145397591067667,0.01694821035559579,4.2632670402526855,0.6319637894630432,0.11810044199228287,0.6085542440414429,0.03658333048224449,0.1896788775920868,0.1024528443813324
508,1.7016880874986364,0.18586205025812258,0.012680550599123956,0.012680550599123956,0.023230768697595088,3.425898360464857,0.09750200263357314,0.27581779686028846,0.04618461230020969,3.2137632369995117,0.7116958498954773,0.16152726113796234,0.24220728874206543,0.054520439356565475,0.19632327556610107,0.19124238193035126
509,0.9347398819776254,0.12260459854442794,0.0173389056405285,0.0173389056405285,0.031764875133448216,4.454558919588845,0.08294059465456434,0.1820283390564089,0.024266178021790215,2.267238140106201,0.6712508797645569,0.22059422731399536,0.6518424153327942,0.09597989916801453,0.2649693191051483,0.3779183030128479
510,0.45404301104845224,0.10890716823324269,0.0022480186010234203,0.0022480186010234203,0.004118370077074906,3.534682104905807,0.040506346586307966,0.2414111305417729,0.020146479555078135,3.169229745864868,0.6684053540229797,0.15823042392730713,0.6577860713005066,0.05973630025982857,0.18095199763774872,0.19676320254802704
511,0.036543077888367984,0.05307737942217445,4.619280827080279e-05,4.619280827080279e-05,8.46252247521107e-05,1.5111561654196186,0.05816308413085022,0.20241420576141467,0.018654004603800584,2.4614527225494385,0.8589360117912292,0.21632608771324158,0.3946455717086792,0.03077995963394642,0.17998407781124115,0.22932034730911255
512,3.4224778060574828,0.2128760881708816,0.06761698588760051,0.06761698588760051,0.12387431814608414,4.038734157021318,0.09809619838579646,0.15700255829488338,0.038272654109859514,2.9127798080444336,0.6740301251411438,0.17238551378250122,0.7888282537460327,0.06541205197572708,0.10298137366771698,0.23093748092651367
513,3.3340045729562404,0.22903555654595784,0.028629415492350898,0.028629415492350898,0.05244908918198685,1.5436917179770446,0.08084837013221685,0.09679474226855764,0.04543613801486766,2.9994959831237793,0.7553563714027405,0.1775931566953659,0.6506924629211426,0.03326357528567314,0.21625833213329315,0.17848137021064758
514,1.6011595494512842,0.18441953609952608,0.038063124234713266,0.038063124234713266,0.0697316435979947,1.9381304580113368,0.07875845534340949,0.06987456524976701,0.01738085582991086,2.541595458984375,0.8275799751281738,0.21540717780590057,0.8203442096710205,0.05673547461628914,0.32005682587623596,0.21703509986400604
515,2.456100626410582,0.22113641481168422,0.049075386326610494,0.049075386326610494,0.08990610775035043,4.005169761977904,0.04457853628541082,0.0986302543437134,0.005485521863994933,2.4551188945770264,0.7406112551689148,0.20612332224845886,0.8281317949295044,0.058949898928403854,0.4730619788169861,0.26606613397598267
516,0.023410076288313403,0.04531962967328187,6.728272704645663e-05,6.728272704645663e-05,0.00012326195594910855,2.434648176613329,0.09497140123473752,0.05684640870709941,0.017730594854602037,4.035192966461182,0.6956095695495605,0.13789311051368713,0.2934865951538086,0.055012498050928116,0.18769481778144836,0.15328899025917053
517,0.2918020773777704,0.09641491424516019,0.0017159454209924594,0.0017159454209924594,0.003143612011258186,3.408727800805784,0.05620342452396071,0.2341572272419143,0.036236501200567116,2.7807631492614746,0.6577169895172119,0.1815306842327118,0.2029256373643875,0.07156233489513397,0.1822969764471054,0.2261112928390503
518,1.8907459541330587,0.19197009044482527,0.03775077229008657,0.03775077229008657,0.0691594148354386,1.906109432457997,0.08462376398121695,0.16053735491985943,0.02190843521110746,2.311627149581909,0.8791128396987915,0.23430758714675903,0.5396829843521118,0.040324725210666656,0.18295425176620483,0.19695203006267548
519,0.1288357312044576,0.08208542421499535,0.0006267816629934317,0.0006267816629934317,0.001148264006603967,2.667693068701204,0.0802075416254928,0.2829753297807366,0.026641785441051224,2.991995096206665,0.6539409160614014,0.17307725548744202,0.37114399671554565,0.06125577539205551,0.1006532832980156,0.20948904752731323
520,0.4625108679750451,0.11757279977746685,0.0025397931889794495,0.0025397931889794495,0.004652901122210352,3.6032454062169137,0.07596341361734799,0.05952361420474879,0.044102799881293835,4.307188987731934,0.7382288575172424,0.11640583723783493,0.5679915547370911,0.029999999329447746,0.10414055734872818,0.07637366652488708
521,0.05275605626914648,0.05388242116473449,0.00041362042805435614,0.00041362042805435614,0.0007577526241955805,3.060421446315201,0.03265629100185154,0.21528669009502888,0.02578745094148462,2.162029504776001,0.6409661769866943,0.231510192155838,0.5598893165588379,0.10461339354515076,0.17863860726356506,0.2979066073894501
522,0.5910431012812084,0.1151411841405841,0.00298585554072687,0.00298585554072687,0.005470087350611626,3.7452187186651944,0.0786799832645429,0.16831893042308932,0.019727189794470315,3.6505889892578125,0.6543222069740295,0.13727474212646484,0.31729796528816223,0.052242398262023926,0.14094051718711853,0.14017540216445923
523,0.05104404429394952,0.05872369288841165,0.0001567521510659407,0.0001567521510659407,0.0002871699407528034,1.8498316545156936,0.09072190738921074,0.06140752656821659,0.006356806222159988,3.4868741035461426,0.8141935467720032,0.18863840401172638,0.7553641200065613,0.034881554543972015,0.22146831452846527,0.18170541524887085
524,0.03655298849058001,0.05781934610811286,0.00020344737931414457,0.00020344737931414457,0.00037271559890351285,4.983230124634942,0.04930016558882333,0.28121953690405,0.015379989045620417,2.5654349327087402,0.6675212979316711,0.19692952930927277,0.3760892450809479,0.08092804998159409,0.2940472960472107,0.23477253317832947
525,0.2423742853935135,0.09225803496382096,0.0013596202995728006,0.0013596202995728006,0.0024908243888173707,3.5726834140775665,0.05573081261200355,0.06133817516392123,0.04036275692517242,4.157445430755615,0.6416969299316406,0.12157384306192398,0.30169984698295593,0.031023772433400154,0.24039165675640106,0.0979541540145874
526,1.2780767290165471,0.14306031724559123,0.009471225975791602,0.009471225975791602,0.017351285987650216,3.3687417131945603,0.07972615646482514,0.04478280125754467,0.017875711517434563,4.426748275756836,0.6991814374923706,0.11374804377555847,0.7349157929420471,0.029999999329447746,0.21512044966220856,0.07476367056369781
527,0.8052093196662826,0.13258272064444263,0.016751207910357942,0.016751207910357942,0.030688212891775753,1.9302743134391769,0.08515952628869518,0.29277601720608404,0.0328393636742577,2.078507900238037,0.7110735774040222,0.24103906750679016,0.5907734036445618,0.08197704702615738,0.1616676300764084,0.36544859409332275
528,2.185004839893555,0.19536205538423482,0.03652953146680354,0.03652953146680354,0.06692210164718408,3.411465403585698,0.04145989509387647,0.0788323533736483,0.007965292574284365,2.990100145339966,0.6018334627151489,0.1684306561946869,0.597926914691925,0.05255936458706856,0.29346662759780884,0.20321804285049438
529,3.1937499831571428,0.18836020658461775,0.049097352005600295,0.049097352005600295,0.08994634887425974,4.898409439163659,0.0731055205241975,0.200587147742467,0.018408359222764074,2.5997180938720703,0.6050267219543457,0.19453492760658264,0.7923194169998169,0.07512439042329788,0.18804065883159637,0.27750885486602783
530,1.418884672852378,0.16776119051803245,0.008185571376862285,0.008185571376862285,0.014995966762411708,2.0994909001645032,0.04192480807648058,0.20407952307462457,0.04398036738043783,3.985781192779541,0.6000000238418579,0.12629082798957825,0.25285807251930237,0.04603375867009163,0.16879932582378387,0.12906043231487274
531,0.1790460999470934,0.08856059902739834,0.0009030165575891626,0.0009030165575891626,0.001654326333503346,3.251868701908082,0.0771023017317216,0.15739931277629232,0.00951731940116229,3.4419944286346436,0.6456806063652039,0.146739661693573,0.488599956035614,0.051708899438381195,0.1741374135017395,0.15524832904338837
532,1.5177816797444181,0.19250848467372444,0.03827013634941193,0.03827013634941193,0.07011088979212267,3.6367944854147387,0.08275840666981632,0.21793479077583267,0.03638567912220148,2.423670530319214,0.6025423407554626,0.2067522406578064,0.5847222208976746,0.09660576283931732,0.18195973336696625,0.36872464418411255
533,0.17422298456253602,0.0951627321703439,0.002756441494769363,0.002756441494769363,0.005049800818417474,2.2168258880668326,0.0851550068551553,0.2589030748631952,0.034086671839466266,2.158224105834961,0.6207596063613892,0.23490065336227417,0.4073132872581482,0.07773488014936447,0.16540414094924927,0.358559250831604
534,1.7537177593580553,0.1731692699080186,0.02255818183464738,0.02255818183464738,0.041326589121074,4.626539156849306,0.03690825741992938,0.03807159864319704,0.025006076729414437,3.593381881713867,0.6451229453086853,0.14276725053787231,0.4357939660549164,0.042265038937330246,0.2290308177471161,0.13049061596393585
535,0.2639065886638663,0.11426444938182143,0.004251649652338038,0.004251649652338038,0.007789022163083287,1.892891215385151,0.05595806064310601,0.1415236066809452,0.033949713386093046,2.283665180206299,0.8550652861595154,0.23681023716926575,0.4564966857433319,0.04269453138113022,0.204186350107193,0.215652734041214
536,0.2868329741140779,0.08962321274261943,0.003457131463288643,0.003457131463288643,0.0063334648407447946,2.727229962549462,0.06915955971146404,0.1140532283908334,0.01701936745875132,2.7465598583221436,0.715672492980957,0.18376140296459198,0.5630670785903931,0.05759943649172783,0.1208280399441719,0.2210291475057602
537,4.0932202560093245,0.2519930941739641,0.11419912116480416,0.11419912116480416,0.20921278997392123,3.842544112302204,0.08973310182416652,0.16041538467578542,0.04802420381751276,2.764173984527588,0.6089810132980347,0.18271371722221375,0.47838547825813293,0.08806681632995605,0.2121639996767044,0.25932037830352783
538,1.4501983264853746,0.17269158364860776,0.014615352532974399,0.014615352532974399,0.0267753258404091,1.9446239113973753,0.09127041315812329,0.23249736464986417,0.038635669153187405,2.8435769081115723,0.713015079498291,0.17808052897453308,0.416644424200058,0.03981434181332588,0.10099472105503082,0.1714303344488144
539,1.5349412839177494,0.16676610744329018,0.020910871319970995,0.020910871319970995,0.03830871625818687,1.6815139130808139,0.05366997802172031,0.10276816980328403,0.021382153265187435,2.9533088207244873,0.7058712244033813,0.1760956197977066,0.5677341222763062,0.039130739867687225,0.13294896483421326,0.171401709318161
540,1.0372092905407901,0.15018625729266413,0.015590331472747404,0.015590331472747404,0.028561487258073247,2.425488782620542,0.09980199146452497,0.18647688583254893,0.02043215846256429,2.750370502471924,0.6122402548789978,0.18525393307209015,0.769149899482727,0.05192700773477554,0.19567987322807312,0.2173306941986084
541,4.31246970377767,0.21071884335975566,0.08836504941157294,0.08836504941157294,0.16188477052200165,4.497432863308164,0.05366771108211156,0.14664563581720508,0.00647663056293407,2.315450668334961,0.6775200366973877,0.21986627578735352,0.9169188737869263,0.07538167387247086,0.4521138072013855,0.30874118208885193
542,3.789016185154274,0.28110054294855485,0.039885818320293434,0.039885818320293434,0.07307081916277758,1.6952450103657868,0.032996251339989194,0.0897248249653731,0.046587748591113656,3.866184949874878,0.677635133266449,0.12959423661231995,0.8421618342399597,0.029999999329447746,0.10541801899671555,0.09380020201206207
543,0.3251964149846732,0.10490631626823912,0.0021777396510943895,0.0021777396510943895,0.003989619040804922,4.484197712192758,0.08173115716282986,0.2855965244896226,0.02059516263707021,2.800177574157715,0.6148901581764221,0.18104131519794464,0.3604809641838074,0.08323492854833603,0.23788325488567352,0.2608923316001892
544,0.6693742884044259,0.13656387451977012,0.014523776645040952,0.014523776645040952,0.026607558813715026,4.837065666689752,0.06822238567869002,0.13944218725412924,0.015172886656498564,2.170281410217285,0.7199386358261108,0.23064982891082764,0.6219927072525024,0.09222488850355148,0.30139678716659546,0.37177759408950806
545,2.9673859390930657,0.2296577837419838,0.057271155373808315,0.057271155373808315,0.10492075664481684,3.3565632760088313,0.09314924635504233,0.24455451831313568,0.028907842000374988,2.561706304550171,0.6187374591827393,0.19666683673858643,0.7265474796295166,0.07778468728065491,0.27844908833503723,0.2943724989891052
546,0.24107014529356394,0.08453539435639909,0.0006969215555986915,0.0006969215555986915,0.0012767602898568029,2.044139027241508,0.08563591686826033,0.10037214600217005,0.016288645343554405,3.5753426551818848,0.940751850605011,0.14296641945838928,0.3047254681587219,0.029999999329447746,0.16588222980499268,0.08998286724090576
547,1.2431498004959824,0.14665642376882326,0.010483635246458074,0.010483635246458074,0.019206019771511193,2.7477167505799716,0.03226161768808659,0.15405428078674926,0.009044287193944307,3.169508695602417,0.6240265965461731,0.1577540785074234,0.6328667998313904,0.05553891882300377,0.36114275455474854,0.19635412096977234
548,0.05252740206176095,0.06100643608912542,0.00029324066343368977,0.00029324066343368977,0.0005372168954105197,4.932304108542944,0.09149787386199626,0.03290935081599394,0.04152701382212583,3.4757936000823975,0.920548141002655,0.1458989679813385,0.22910387814044952,0.040272511541843414,0.13705794513225555,0.09735110402107239
549,1.0221431554168066,0.16698605252943158,0.007228922509974292,0.007228922509974292,0.013243386038272903,2.1323699759620514,0.08117798524334544,0.2308843533477075,0.043842590322188485,3.4577932357788086,0.6320798993110657,0.14812405407428741,0.3768213987350464,0.04240849241614342,0.10215943306684494,0.14402268826961517
550,3.1669652007893556,0.22598962383647925,0.04610410447347896,0.04610410447347896,0.08446271939541346,4.869114967919881,0.04234548939881875,0.1665150952181716,0.009726443881791703,2.8099567890167236,0.605430543422699,0.18220441043376923,0.6693732142448425,0.0639960989356041,0.42595431208610535,0.23037134110927582
551,0.08755309485251532,0.061948781122373314,0.00024077324530536514,0.00024077324530536514,0.00044109658539942894,3.7741888659679366,0.07482121959051623,0.13154264408141614,0.033590038897114025,3.8654844760894775,0.6793434023857117,0.13022854924201965,0.20000000298023224,0.0430300310254097,0.10000000149011612,0.10204698890447617
552,0.15343571255269342,0.08156815148050159,0.0008325601005200316,0.0008325601005200316,0.001525250104152698,2.8291134755824934,0.0810973856709375,0.06833193979096928,0.010070618747357202,3.854276180267334,0.7409124374389648,0.13518847525119781,0.7187109589576721,0.03362570330500603,0.10078955441713333,0.10209432244300842
553,0.08271691816940076,0.06624074110749428,0.00047627677727516007,0.00047627677727516007,0.0008725390559680933,4.461682962602943,0.07726585548689496,0.13057265361979087,0.007604768393950646,2.956545829772949,0.6650471091270447,0.174645334482193,0.4661414325237274,0.060751646757125854,0.21812154352664948,0.18559503555297852
554,1.199525354342041,0.17570616009317053,0.008232160566901696,0.008232160566901696,0.015081318158563908,2.738652525179992,0.0603464993783799,0.22582022479187666,0.021829047687256534,3.4337689876556396,0.6074442863464355,0.14682233333587646,0.29521164298057556,0.05032879486680031,0.28412753343582153,0.1631004810333252
555,3.8524702419473966,0.2206548234071135,0.046422265918900876,0.046422265918900876,0.08504559116342642,2.564486152035264,0.0810173457208546,0.09971522532528666,0.015150248030720435,3.760126829147339,0.6416791677474976,0.13566526770591736,0.7204409837722778,0.030059481039643288,0.10627927631139755,0.10648930072784424
556,1.6651603177223941,0.20598528644901154,0.011165352715922904,0.011165352715922904,0.02045492617557076,2.412807425237827,0.06787451129140029,0.19392529535410472,0.011876291445294087,3.500849485397339,0.7064384818077087,0.14359107613563538,0.4807407557964325,0.04026918485760689,0.20633570849895477,0.1343444436788559
557,2.2915195370955233,0.20474427677735424,0.033020201572920904,0.033020201572920904,0.0604930092815911,1.8504559095553161,0.04971548033667723,0.23898181495747078,0.020981091168705016,2.726820707321167,0.6175979375839233,0.18859493732452393,0.4636309742927551,0.057983625680208206,0.30909061431884766,0.2485160529613495
558,4.685879750847894,0.24379142098955967,0.04090419536721615,0.04090419536721615,0.07493648591273999,2.6506025206699193,0.039591654767387234,0.18238195746653765,0.037223656563486376,3.749946355819702,0.6018949151039124,0.13451042771339417,0.8718565702438354,0.045537907630205154,0.2247956246137619,0.1492256224155426
559,3.928500428936903,0.24962886536441242,0.04542813660124302,0.04542813660124302,0.08322434625347722,2.144671896419175,0.08118124834980793,0.11169433440893496,0.026861354937172253,3.4047038555145264,0.8275136351585388,0.14686889946460724,0.4173666834831238,0.03135842829942703,0.14628365635871887,0.10416571795940399
560,0.6875953560100576,0.14955721333995806,0.010849586361764042,0.010849586361764042,0.019876442214751724,3.553882419537148,0.04311374712487108,0.04033581838434103,0.042275537655722326,3.046567916870117,0.754095733165741,0.1667364537715912,0.4293326735496521,0.041982054710388184,0.2436911016702652,0.1520281732082367
561,0.39175210934646354,0.11201000902947628,0.005250686843412752,0.005250686843412752,0.009619258297132163,4.650977039161254,0.06296617906558397,0.09689578268390885,0.02234404037164615,2.7951273918151855,0.6482594609260559,0.1795799881219864,0.4333221912384033,0.07791610807180405,0.23295536637306213,0.2317119538784027
562,2.607163911892893,0.20233955865926603,0.03518401958842239,0.03518401958842239,0.06445712388598983,2.769659609588845,0.0620281522497451,0.2874204190415415,0.04709913097556342,2.7512407302856445,0.6543843746185303,0.18554796278476715,0.3625084161758423,0.0737723633646965,0.19627366960048676,0.27705270051956177
563,0.20375731901603975,0.0832658564993281,0.0006692155485256219,0.0006692155485256219,0.0012260028848989394,2.966983548561493,0.050214119199346784,0.04292053327860859,0.02743670070070005,4.418546676635742,0.8512225151062012,0.11365761607885361,0.44424715638160706,0.029999999329447746,0.16610155999660492,0.07019638270139694
564,3.165610128460696,0.22185117154757408,0.0479340799115637,0.0479340799115637,0.08781523439798469,4.525707963518638,0.09235718004279453,0.07762961599162699,0.04272715897759823,3.7746925354003906,0.6352424025535583,0.13400229811668396,0.6278412342071533,0.03453146666288376,0.15967698395252228,0.12477003782987595
565,1.0025908213440335,0.14409707994215956,0.008990389370197933,0.008990389370197933,0.016470393326202613,2.1286998984847423,0.06606148682717794,0.047228205282450864,0.038366159014017895,3.57088303565979,0.8943594098091125,0.14594005048274994,0.3158313035964966,0.035608530044555664,0.21628251671791077,0.10402753949165344
566,0.04035849232669873,0.05598613841755181,9.655112072761802e-05,9.655112072761802e-05,0.00017688165317299623,2.1611207758291906,0.06695781831043487,0.22458073563373523,0.024312193344985487,3.303595781326294,0.7318003177642822,0.15508902072906494,0.2614089846611023,0.0391538068652153,0.12954123318195343,0.12066672742366791
567,0.1067949871491533,0.0817180262257995,0.0003338527957518876,0.0003338527957518876,0.0006116183218174581,2.122255437988969,0.09378914075841621,0.031775978990522306,0.03586936822759492,3.599050998687744,0.9363293051719666,0.14982102811336517,0.7640061974525452,0.03712928295135498,0.10000000149011612,0.11028482764959335
568,0.02540569810418275,0.04717526652958025,6.202523062706056e-05,6.202523062706056e-05,0.00011363022250877495,3.4404375042537345,0.05707992558201308,0.15330996651352707,0.033096703657315464,3.766097068786621,0.691464364528656,0.13646167516708374,0.7323552370071411,0.04143251106142998,0.14389003813266754,0.11270374059677124
569,3.0733808536257206,0.21748391359424893,0.022541884755179212,0.022541884755179212,0.04129673287148832,2.128448722325266,0.06327143412884789,0.28217509375014305,0.01207683597234108,3.2154617309570312,0.658022403717041,0.16046518087387085,0.5722283124923706,0.046883273869752884,0.18530099093914032,0.1803184151649475
570,2.3704275244716695,0.2142732291015885,0.027201789704960514,0.027201789704960514,0.049833678739487665,3.2835990161297346,0.09813585465881919,0.13457896422731916,0.04249585960369018,3.7976856231689453,0.6126341223716736,0.13456758856773376,0.5203620195388794,0.04330923780798912,0.12853506207466125,0.12373578548431396
571,0.711677273170609,0.14213694612789926,0.01574177268109535,0.01574177268109535,0.028838927551766685,4.326716330924842,0.09642523920619225,0.19080003909658902,0.023692838319266805,2.2400951385498047,0.6285766363143921,0.22968789935112,0.6735733151435852,0.10475308448076248,0.3362217843532562,0.39041802287101746
572,0.4251241801154659,0.1320248749119435,0.007178759789253604,0.007178759789253604,0.013151487933912603,2.276486136683817,0.0872697422567904,0.2777370831262128,0.009902597529964374,2.2071750164031982,0.6008721590042114,0.23700709640979767,0.8393533825874329,0.08177462220191956,0.347258061170578,0.37791991233825684
573,0.12069255095614455,0.07408285170858692,0.0008986468761303148,0.0008986468761303148,0.0016463210770707368,2.6348825099000184,0.0838210740666637,0.1879538451075121,0.033452917173895105,2.822301149368286,0.6565281748771667,0.17715467512607574,0.22307398915290833,0.06368407607078552,0.1673729568719864,0.19851183891296387
574,1.72149339807268,0.2203683530486106,0.010787805093920322,0.010787805093920322,0.01976325893206203,2.006792951273395,0.06963916377898621,0.08251678954610511,0.01014841368112909,4.132997512817383,0.6860750317573547,0.12167468667030334,0.6812167167663574,0.0317070409655571,0.15409936010837555,0.0816037505865097
575,1.2503443896209547,0.14011149258170352,0.03818007241436594,0.03818007241436594,0.0699458926631184,2.0712037028460175,0.09749421799356274,0.08863524543627024,0.029183019278362695,1.832306981086731,0.9433316588401794,0.2776578366756439,0.3983568847179413,0.08455142378807068,0.25305816531181335,0.3102464973926544
576,0.3472791003656296,0.09740994717927386,0.001676695092651797,0.001676695092651797,0.003071705409738092,2.3568879431833474,0.07171217562586003,0.2533043050946956,0.0114872209123131,3.1143105030059814,0.6007918119430542,0.16313427686691284,0.5485303997993469,0.052966032177209854,0.24428090453147888,0.19437584280967712
577,0.17769682894047975,0.09642092919124963,0.00345803942157916,0.00345803942157916,0.0063351282203330216,1.6987460526815679,0.051712882235026625,0.05539234572196609,0.010039027478444852,1.8985439538955688,0.9384581446647644,0.2927022874355316,0.9796394109725952,0.07723788917064667,0.28118184208869934,0.3300725817680359
578,3.098054973676335,0.22519274429613415,0.021738207238788058,0.021738207238788058,0.039824395661459726,2.3589627853733917,0.08598761786680711,0.19160860241844158,0.04681727826268642,3.9328343868255615,0.6335808038711548,0.12920062243938446,0.2133239060640335,0.03606153279542923,0.22169624269008636,0.1115281879901886
579,0.07002639680094225,0.06278008214344541,0.00011189764854647019,0.00011189764854647019,0.00020499649213713341,1.8776506509271826,0.07156561217607901,0.27596426619569603,0.01860968105066497,3.4404666423797607,0.8639266490936279,0.15038840472698212,0.9099680185317993,0.030101049691438675,0.13638843595981598,0.11249970644712448
580,3.22264494900831,0.20747767715622825,0.043893265821689856,0.043893265821689856,0.08041246298533582,3.9825318069945443,0.058510353624261435,0.2980272615108813,0.048793255238638936,2.7356531620025635,0.6509857177734375,0.184593066573143,0.7431620359420776,0.07534390687942505,0.177164688706398,0.2907898426055908
581,0.795872563273407,0.12655938027572966,0.007654303734519414,0.007654303734519414,0.014022684441639567,2.817084417965316,0.04384774658879685,0.23816473520290832,0.0361455968315797,2.962857961654663,0.6059603691101074,0.17157624661922455,0.5041456818580627,0.07100953906774521,0.13684234023094177,0.2605988085269928
582,1.6051245331741257,0.1626828138721144,0.02423677885488482,0.02423677885488482,0.044401778862148994,4.725157678521507,0.044380789723900874,0.2462382129427558,0.03168008010305473,2.3744897842407227,0.6915569305419922,0.2141379565000534,0.8427423238754272,0.08513587713241577,0.16868402063846588,0.32443785667419434
583,0.06230296320646717,0.06002202222936917,0.00018760926375846387,0.00018760926375846387,0.00034370017120550583,4.324591315006621,0.05175211072608568,0.2745645680677386,0.03674393318729578,3.0429484844207764,0.6783807277679443,0.1674908995628357,0.8431718349456787,0.06372685730457306,0.1366923302412033,0.1801653802394867
584,0.13093401805360833,0.07000676936216671,0.00022960062007100596,0.00022960062007100596,0.00042062833597008296,2.1134746891380356,0.05172013693837588,0.29149438406633044,0.03916116944740843,3.8266637325286865,0.6088778972625732,0.1317015439271927,0.24314077198505402,0.04120089113712311,0.144624263048172,0.12266873568296432
585,0.3422954000853247,0.10528559060818522,0.0033508969651008884,0.0033508969651008884,0.006138843240064828,2.9105798069156865,0.07755426930800596,0.10625735369053091,0.021959049308099672,3.234893560409546,0.6289481520652771,0.15477851033210754,0.7386415600776672,0.04583791270852089,0.14474909007549286,0.1563163697719574
586,3.0464978277257666,0.2104768775311366,0.039985554239463476,0.039985554239463476,0.0732535353666971,3.591630892119842,0.031561411255533516,0.10605970672073824,0.01895013712392898,3.2782411575317383,0.623101532459259,0.15633872151374817,0.6362897753715515,0.05090507119894028,0.2841344177722931,0.17380838096141815
587,0.24169264850048866,0.09524719894762805,0.0010640022917103806,0.0010640022917103806,0.0019492521984134173,2.8338362103208485,0.09385353507818009,0.09466413949380142,0.018121276861495117,4.085348606109619,0.6812037229537964,0.12730903923511505,0.37988725304603577,0.03429761156439781,0.12512339651584625,0.08610227704048157
588,0.39849628084132044,0.11574935159534899,0.005998022295780518,0.005998022295780518,0.010988376845869908,4.4495281016435,0.052740158881574004,0.17577674278796432,0.043248599089312646,2.4903345108032227,0.627785325050354,0.20383520424365997,0.5317424535751343,0.09592459350824356,0.18522651493549347,0.3228234648704529
589,0.06471795407908386,0.06510478256768668,0.00020519050090312758,0.00020519050090312758,0.00037590899765452973,3.2524076491542475,0.04743227400032177,0.1941613978968206,0.034976454489987846,3.498345136642456,0.6420133113861084,0.14336296916007996,0.4004451632499695,0.05603587254881859,0.1612098067998886,0.1393958330154419
590,2.0675381578361463,0.17273401186842421,0.016081885877508775,0.016081885877508775,0.029462014927596075,3.567245912577779,0.07849826195521677,0.22632582987330813,0.048168831646437836,3.2053382396698,0.6407794952392578,0.1611284762620926,0.372397243976593,0.06098988279700279,0.17508234083652496,0.186102494597435
591,1.486002383666142,0.15050237056931806,0.0075343695126302125,0.0075343695126302125,0.01380296494713855,2.4002497707650625,0.08219029604939992,0.12638250432616113,0.0451068526976893,4.2438764572143555,0.6631560921669006,0.11824685335159302,0.5190579295158386,0.029999999329447746,0.1129874587059021,0.0863020047545433
592,1.590897415669632,0.18406317863901336,0.008528809485086745,0.008528809485086745,0.015624778976678917,2.0696509917314554,0.08661972466301657,0.13184818049816371,0.03155846259535497,3.9139792919158936,0.693874180316925,0.128302663564682,0.24637460708618164,0.029999999329447746,0.22134678065776825,0.08974690735340118
593,0.04985920015776264,0.05655530656306669,0.0001112402705842679,0.0001112402705842679,0.00020379217571037879,3.1909135484012676,0.08597935816233478,0.20349851873379976,0.03577137776765445,3.8008038997650146,0.7455390095710754,0.13314519822597504,0.2060467153787613,0.04585470259189606,0.10249973088502884,0.10536138713359833
594,0.8154507849369415,0.15898134324227603,0.02509363253972738,0.02509363253972738,0.04597153481278056,4.513540757444687,0.0498157985584662,0.05899930156519817,0.04334686381512272,2.473361015319824,0.654341459274292,0.20569802820682526,0.5837824940681458,0.09377963840961456,0.1655988097190857,0.28060460090637207
595,1.0223017835827763,0.13797799428501958,0.004398422585882628,0.004398422585882628,0.008057910177336975,1.511135403966709,0.08978118609251737,0.22162580231355605,0.046453088989724105,2.584324598312378,0.7299317121505737,0.20722457766532898,0.374549925327301,0.030134504660964012,0.12304269522428513,0.1841621845960617
596,0.16596912635937477,0.09364673490112554,0.001103723655827284,0.001103723655827284,0.0020220217374755842,1.864660744040544,0.05312607404079746,0.18762918697294653,0.018845442261067914,2.7878201007843018,0.797274112701416,0.17960865795612335,0.4107685089111328,0.03864945098757744,0.11280576884746552,0.17791444063186646
597,1.9928714983626565,0.2088074587829801,0.03348395038568831,0.03348395038568831,0.06134259710658099,1.5304171053798667,0.03608343474045101,0.1415993214099226,0.014441390914852838,2.3880953788757324,0.9068015217781067,0.21241065859794617,0.8747403025627136,0.030689990147948265,0.21121270954608917,0.18620523810386658
598,1.7221001051218894,0.20947031251882678,0.08847160462399017,0.08847160462399017,0.16207997967115,4.713473581365179,0.09005682282081007,0.03538032183337842,0.020334903367078987,2.00515079498291,0.9360569715499878,0.25720956921577454,0.8402224779129028,0.044309329241514206,0.4291558265686035,0.22593867778778076
599,0.6159112173022238,0.11706923205463077,0.004297704505773626,0.004297704505773626,0.007873394654577284,1.9501753939930637,0.04823203216248774,0.2410125231871269,0.03345920468018337,2.997257709503174,0.6466518044471741,0.16940082609653473,0.30876919627189636,0.07243543863296509,0.1446220427751541,0.20965419709682465
600,3.231569638772294,0.22686904559308238,0.021990056253793806,0.021990056253793806,0.040285783056950256,2.191286075073793,0.07651601075051033,0.07803491192682901,0.030519543434741246,4.5,0.6521164178848267,0.11131266504526138,0.6886269450187683,0.029999999329447746,0.1375182569026947,0.07513125240802765
601,0.49742448414038687,0.10462770711570787,0.0020950393153528683,0.0020950393153528683,0.003838112025726455,3.08804228282607,0.0424813221885383,0.08418994430589288,0.04829880482675323,3.9029502868652344,0.6835477352142334,0.13043759763240814,0.4834032356739044,0.03767342492938042,0.12333798408508301,0.10601761937141418
602,0.0786625709431281,0.06835678940914278,0.0002828038261502867,0.0002828038261502867,0.0005180966095073253,3.441680659612673,0.06717456125517003,0.08274165771971355,0.010034839048075023,3.964993953704834,0.6568637490272522,0.12665459513664246,0.32959750294685364,0.03360350802540779,0.40703919529914856,0.09608199447393417
603,0.037257112524361355,0.04901242963091508,0.0001249742076274784,0.0001249742076274784,0.00022895274837354042,1.593597977563264,0.057165134084870985,0.044669622433176466,0.049800511248009015,2.669980049133301,0.7785336971282959,0.2521810829639435,0.5035962462425232,0.04869398847222328,0.10000000149011612,0.2842545509338379
604,1.2163756019787104,0.17455434516899318,0.009147696727537175,0.009147696727537175,0.016758580404848105,2.9216285917025626,0.07976660700537308,0.26430059139313733,0.03578502334976871,3.4022092819213867,0.6031776070594788,0.14932848513126373,0.3293973505496979,0.05814392492175102,0.13616669178009033,0.18606165051460266
605,0.660116085906068,0.15636807363098984,0.0058713928043144965,0.0058713928043144965,0.010756391617504158,3.9666208120745052,0.034642451893589665,0.22936518145724152,0.007338956143516801,2.928356170654297,0.6032443642616272,0.17234720289707184,0.8927083611488342,0.06364274770021439,0.2340732216835022,0.25020015239715576
606,0.07042826916586818,0.0626789763929607,0.00036831052462262995,0.00036831052462262995,0.0006747448811086581,4.72780853990859,0.08480291880590972,0.28862010710490116,0.028931181671993465,2.795938730239868,0.6139909625053406,0.18042027950286865,0.22657103836536407,0.0864681750535965,0.19799154996871948,0.2524811625480652
607,0.671524945125489,0.1105416196604135,0.004256636973635012,0.004256636973635012,0.007798158935699343,4.3746482087910925,0.04704724594156806,0.2023554631179518,0.00705949576822814,2.8985648155212402,0.6660094857215881,0.17294524610042572,0.988460123538971,0.06221240758895874,0.2033509761095047,0.22597774863243103
608,1.1114041360504054,0.141681642177179,0.005994141040343688,0.005994141040343688,0.010981266385909638,1.7824328294340521,0.09377475650029043,0.12347645659552783,0.012921656648978007,3.401289701461792,0.7193536162376404,0.1571464091539383,0.6493350267410278,0.03224834427237511,0.11171701550483704,0.13127122819423676
609,2.875793075483238,0.20530459082637928,0.015450452309498833,0.015450452309498833,0.028305228631001864,1.6062955130374714,0.08214587602857244,0.165528960598802,0.021552347202453227,3.2636449337005615,0.6555209755897522,0.1560845971107483,0.4705272912979126,0.030504295602440834,0.1289326548576355,0.1318812072277069
610,0.2264159608453356,0.09705955069243088,0.0018849586927399001,0.0018849586927399001,0.003453244325099497,3.14064696476167,0.09170238373674294,0.2771179121148029,0.01291917383705712,2.6099491119384766,0.6063824892044067,0.1991039365530014,0.4814153015613556,0.08378402888774872,0.23452085256576538,0.29907095432281494
611,2.5170963226773755,0.20734853240236692,0.033538600962477204,0.033538600962477204,0.06144271696325824,3.684752229491334,0.04576921137023166,0.0459179316690875,0.011606907659283051,3.6944377422332764,0.6503934264183044,0.13642112910747528,0.4366857707500458,0.029999999329447746,0.4070555865764618,0.12039198726415634
612,3.360621301957436,0.21601081604038785,0.014291596415219262,0.014291596415219262,0.02618220463268169,1.5415993180781364,0.08499326814406027,0.11333145092129147,0.015335810104172586,2.850222110748291,0.8927767872810364,0.19283784925937653,0.2711380124092102,0.03249946981668472,0.3010784983634949,0.16454896330833435
613,0.08899919885834891,0.06767495409855569,0.00044738447419942067,0.00044738447419942067,0.0008196083567333387,4.12743455083042,0.03051225122936834,0.10178001743627853,0.027072317929788387,3.235363483428955,0.6947786808013916,0.1594996154308319,0.27520716190338135,0.06062860041856766,0.1934560090303421,0.14569130539894104
614,0.24625930583098155,0.09167713303866445,0.0029037393131233287,0.0029037393131233287,0.005319650421641939,4.348181982636071,0.030754506173033075,0.05312044369600401,0.02397239339323973,3.0505940914154053,0.6245929002761841,0.16508297622203827,0.47535958886146545,0.07669015228748322,0.1676556020975113,0.19738245010375977
615,1.4593381383275705,0.17094151363644977,0.011728559234391955,0.011728559234391955,0.021486720517406063,3.7217040883075336,0.035800819463018184,0.2937030407180232,0.03671008995190128,3.104434013366699,0.6389179825782776,0.16491736471652985,0.8134143948554993,0.061336763203144073,0.19481374323368073,0.22389110922813416
616,2.7217629491723687,0.20902308117017848,0.04372361993406882,0.04372361993406882,0.08010167171921408,1.851973534208039,0.09206239530336739,0.18766971822632905,0.036911795203173066,2.41546368598938,0.8769212365150452,0.20853261649608612,0.7569597959518433,0.03731023520231247,0.21121838688850403,0.17792737483978271
617,0.06522492016848001,0.06025711062460614,0.00020213344533703755,0.00020213344533703755,0.0003703084718574528,4.296215584095121,0.05666966524048933,0.13242584855348094,0.021299956071912696,3.5584328174591064,0.7275654673576355,0.1408633589744568,0.24685831367969513,0.04932330548763275,0.11297242343425751,0.11552157253026962
618,0.12803251527903028,0.09356759996298489,0.0008766804600188888,0.0008766804600188888,0.0016060786027546042,2.2765727377927734,0.040480438865284206,0.055926784393346404,0.043715811437535106,3.939032793045044,0.6657430529594421,0.12924759089946747,0.6084575057029724,0.03429408371448517,0.102902352809906,0.09839125722646713
619,0.29593811715499063,0.09260703711262085,0.0052688031506818835,0.0052688031506818835,0.00965244737204921,1.9357311368695016,0.036025559119088474,0.08983676686273315,0.03563964736081353,2.2471776008605957,0.7725232839584351,0.22630952298641205,0.37007150053977966,0.04474585875868797,0.21626706421375275,0.23676756024360657
620,0.46960325889288246,0.09466897009324636,0.00183749841043744,0.00183749841043744,0.00336629708792139,2.9480657699779655,0.06458587606621366,0.1694754286897007,0.04281595737536661,3.735982656478882,0.6544257402420044,0.13726013898849487,0.2973824143409729,0.04712172597646713,0.22131329774856567,0.134194478392601
621,3.900972473242522,0.2255933612135796,0.06274055527666954,0.06274055527666954,0.1149406972668586,4.923053112473632,0.08409686568665145,0.15684950522291402,0.014405702862669796,2.946547031402588,0.6146441698074341,0.17360660433769226,0.9404676556587219,0.0594380646944046,0.21612241864204407,0.23029959201812744
622,0.2539307469966814,0.09719022277005031,0.0014451847132299215,0.0014451847132299215,0.0026475783946372164,2.6481916084476143,0.05710369547112705,0.23900367655306676,0.00534689234281931,2.8002612590789795,0.6786717176437378,0.18233980238437653,0.95610511302948,0.06517484039068222,0.19861125946044922,0.2309490144252777
623,0.34285337227776214,0.11170903410120532,0.0055783083343998235,0.0055783083343998235,0.010219460868620477,4.758917323670866,0.034496982672478256,0.14218090861699562,0.03453239949126847,2.370288372039795,0.6137320399284363,0.21234072744846344,0.7513540983200073,0.0988929346203804,0.10751233249902725,0.32363227009773254
624,0.269960697627465,0.0868232779797509,0.00108088776849533,0.00108088776849533,0.00198018639188345,3.13311561415206,0.0440987498989903,0.0784749695198976,0.0121746468209094,4.05435943603516,0.659822106361389,0.124981231987476,0.406817376613617,0.0434265695512295,0.107746124267578,0.0971951112151146
625,0.261109734325353,0.090950370927745,0.00127325000318825,0.00127325000318825,0.00233259400584087,3.85435579614101,0.0824436154694176,0.110016219319436,0.0255820201567421,3.64905619621277,0.689238846302033,0.143147185444832,0.458475530147553,0.0440438874065876,0.131995588541031,0.126131638884544
626,1.75956102859758,0.188463664740789,0.0265754402239099,0.0265754402239099,0.0486862064902029,4.21069231828358,0.0761186246394183,0.22014924850503,0.0496005072669652,2.82294821739197,0.629556357860565,0.178845912218094,0.723306715488434,0.0743850693106651,0.187620267271996,0.261678516864777
627,1.84855265304568,0.163135200112906,0.0280114764611463,0.0280114764611463,0.0513170248768201,3.95808032368642,0.0303555616403528,0.191158710969266,0.0201941744659932,2.65297198295593,0.60319596529007,0.191497042775154,0.546704292297363,0.08663559705019,0.312184482812881,0.288433045148849
628,2.11792862594715,0.188398772778298,0.033625598142156,0.033625598142156,0.0616020957964298,2.44135197796699,0.0847752715103164,0.295234010435443,0.0132122107621337,2.54002594947815,0.63238537311554,0.19951793551445,0.775879859924316,0.072470024228096,0.300467073917389,0.321496427059174
629,0.182569981362479,0.0978610194199631,0.0013722333090829,0.0013722333090829,0.00251393142223988,4.73227904527706,0.0770913303917778,0.12623077068825,0.02569377701934,3.28558993339539,0.610112011432648,0.152292370796204,0.353798270225525,0.0621485710144043,0.200271099805832,0.166996449232101
630,2.16606205739094,0.157639289853653,0.0253747802338132,0.0253747802338132,0.0464865973883459,3.43292315561591,0.0348866425683325,0.0387583131624333,0.0071544869109073,3.729088306427,0.669111490249634,0.135036677122116,0.744191229343414,0.0330184958875179,0.489597529172897,0.131455942988396
631,2.48093500793331,0.205277052901419,0.0253187817060373,0.0253187817060373,0.0463840080854603,2.70225268064761,0.075417069031108,0.118847745755761,0.0489128721237823,3.67547345161438,0.724124610424042,0.136971488595009,0.642205476760864,0.037407148629427,0.109686091542244,0.113745614886284
632,0.07488815226977,0.055814584052135,0.000175360071934032,0.000175360071934032,0.000321259651783146,2.33167911479322,0.0401675590913601,0.298495662582802,0.0324641519784516,3.30448412895203,0.628046810626984,0.151337996125221,0.461502909660339,0.0580618791282177,0.119362615048885,0.16625939309597
633,3.63633935789391,0.246540221987728,0.054154900063737,0.054154900063737,0.0992117769167662,4.71067464753383,0.0394598314975761,0.189030126789165,0.0475858480929912,3.0407247543335,0.682749152183533,0.165816947817802,0.38360470533371,0.0666356757283211,0.161839932203293,0.211750909686089
634,1.44688968049862,0.165747320082194,0.00640738318641808,0.00640738318641808,0.0117383259975179,1.84411040013436,0.0968522216369427,0.195156206907788,0.0164508176705005,3.29590201377869,0.770411133766174,0.153328582644463,0.697839260101318,0.0299999993294477,0.180374383926392,0.11086642742157
635,0.433464583783163,0.126023273570885,0.00185398235581271,0.00185398235581271,0.00339649567584888,2.5863053585239,0.0755380269137268,0.137814914774351,0.0248310088305542,4.19592666625977,0.611762702465057,0.120306894183159,0.444591730833054,0.0343820415437222,0.170361086726189,0.0932314395904541
636,4.35662824576494,0.253347179372244,0.0562955191777613,0.0562955191777613,0.103133391133659,2.25273740295445,0.0553841095139485,0.27084154881583,0.0310511914516801,2.85908937454224,0.684592008590698,0.175955221056938,0.434316575527191,0.0573902204632759,0.279520899057388,0.230402052402496
637,0.291941268735083,0.105965407542884,0.00244173925626481,0.00244173925626481,0.00447326631747714,4.51461084272994,0.0714851276324888,0.17700097810265,0.00572560186726109,2.60524797439575,0.675152838230133,0.195571929216385,0.952961564064026,0.0700643584132195,0.211763247847557,0.253943741321564
638,1.51716187722429,0.150664704969756,0.00612270040959033,0.00612270040959033,0.0112167871503695,2.26875140881805,0.0666586827672012,0.123376355066691,0.035061541852802,4.10057353973389,0.680366277694702,0.122083738446236,0.200000002980232,0.0378389842808247,0.20379850268364,0.085216760635376
639,2.75439868532825,0.214601893366188,0.158535920616551,0.158535920616551,0.290437806569522,1.79668506785325,0.0701445059052048,0.0593000577503397,0.032820265009697,1.6593691110611,0.849880158901215,0.306681215763092,0.867651224136353,0.0965709611773491,0.211016222834587,0.391086786985397
640,0.523454210717358,0.141873713549791,0.00305108006425733,0.00305108006425733,0.00558957867771943,2.41081948375674,0.0740877309058664,0.157806867676392,0.0315635336102907,3.67675042152405,0.64075368642807,0.136587470769882,0.249161139130592,0.0477088838815689,0.15477380156517,0.119650229811668
641,2.59720956040672,0.18557079660035,0.0212118221459222,0.0212118221459222,0.0388600581713294,2.96643399437805,0.0974329942307838,0.159959953136307,0.0449177498628107,3.64628982543945,0.653287053108215,0.142713755369186,0.964020013809204,0.0359687134623528,0.123624004423618,0.129108592867851
642,0.463684754529015,0.1062343030177,0.00445244475194994,0.00445244475194994,0.0081568787855723,2.03809278396245,0.0828972131653714,0.0414648100188969,0.0245765878141121,2.66953229904175,0.941088616847992,0.18963497877121,0.434244960546494,0.0541048049926758,0.184205427765846,0.16447526216507
643,2.87792028703898,0.242071194735478,0.0622477714348815,0.0622477714348815,0.114037917268703,3.7584337779926,0.0311061863048303,0.286232048599833,0.0178096553688382,2.27384424209595,0.644303560256958,0.222699284553528,0.89572936296463,0.0868926271796227,0.376429557800293,0.392973184585571
644,2.36991828779992,0.198161560297632,0.0498566632021287,0.0498566632021287,0.0913374069862998,3.12904511179573,0.0940569398873837,0.175391572869475,0.0307553689891607,2.64988541603088,0.628146588802338,0.188685402274132,0.470319271087647,0.0659257620573044,0.375375211238861,0.264621734619141
645,0.854764777540485,0.137514778489522,0.0136413940844079,0.0136413940844079,0.0249910339626354,3.35834708299294,0.0741988136348108,0.0780913776297124,0.0462552180762281,3.11079001426697,0.641095817089081,0.165323317050934,0.92001861333847,0.0465948879718781,0.100000001490116,0.168183445930481
646,4.97789518811258,0.301191576777297,0.122022981590983,0.122022981590983,0.223546102274681,3.27924145220513,0.0542138772347234,0.0507018424710618,0.0127621335907839,3.17058992385864,0.858113825321198,0.158440962433815,0.925045609474182,0.0310041587799788,0.291408151388168,0.133537039160728
647,1.41288270793319,0.181312920209778,0.00595304434400716,0.00595304434400716,0.0109059772382211,1.69041418455736,0.0739536789595575,0.117373805358387,0.0225692954797907,3.69164824485779,0.681423723697662,0.137335881590843,0.263567626476288,0.0306351576000452,0.347152978181839,0.102265059947968
648,0.113358445382769,0.0580139958611365,0.00106941977718986,0.00106941977718986,0.00195917703181182,3.17125487858768,0.0559971728118514,0.210782964297174,0.0450438077888166,2.31534028053284,0.609067142009735,0.219881683588028,0.227363154292107,0.104486107826233,0.300494343042374,0.370447367429733
649,0.694723280293601,0.147239921987156,0.00386157717267396,0.00386157717267396,0.0070744093803387,2.6365379883195,0.047985419894546,0.190856983227998,0.0166838854835041,3.56919002532959,0.646490633487701,0.142055004835129,0.898918628692627,0.0449852645397186,0.118566706776619,0.145048022270203
650,0.202169284380464,0.0836498053902414,0.000594925810612486,0.000594925810612486,0.00108990408504207,2.71921738324774,0.0782956313084368,0.189981905986931,0.0122172471302522,3.59691977500916,0.70045530796051,0.142557829618454,0.302087604999542,0.036230593919754,0.137730106711388,0.122181080281734
651,1.66558465630253,0.181391992369913,0.0133136636338869,0.0133136636338869,0.0243906317772809,1.50949337710563,0.0708966589080836,0.234603077476406,0.024672289494529,2.46689367294312,0.72988897562027,0.20694687962532,0.45620858669281,0.0334150493144989,0.17659866809845,0.181232243776321
652,1.01104037465608,0.140393467618473,0.00408819862857552,0.00408819862857552,0.00748957988755035,2.32513470838629,0.0377554618987123,0.148313317059688,0.0108191309553012,4.00000858306885,0.60819274187088,0.125557705760002,0.696372866630554,0.041941873729229,0.156699731945992,0.111825227737427
653,0.450850161172679,0.111961865681017,0.0033331693974401,0.0033331693974401,0.00610636633611027,2.04855768077122,0.0895426890601386,0.143398505423937,0.0139158866317285,3.15406560897827,0.696323037147522,0.165612578392029,0.889802753925324,0.0401376150548458,0.116089254617691,0.145005851984024
654,0.0755770348332566,0.0574199222738218,0.000565370837630674,0.000565370837630674,0.00103575937453939,4.82229986996839,0.0507135985282196,0.0551517666066763,0.0329100038276536,3.10512113571167,0.666893243789673,0.164245828986168,0.390911489725113,0.0694976300001144,0.10564661771059,0.16431850194931
655,0.126731082036964,0.074070360131794,0.00126951792061278,0.00126951792061278,0.00232575683056261,4.72335692931359,0.0831532535590294,0.113031879358235,0.0477925046125061,2.62010622024536,0.734322547912598,0.190951570868492,0.29637211561203,0.0811797752976418,0.126324266195297,0.235249862074852
656,1.56851817697242,0.18189012557656,0.0189467281329695,0.0189467281329695,0.0347104059396002,4.614683098692,0.0964133502251756,0.10625443688058,0.0147979528455908,3.24511051177979,0.662518858909607,0.157870903611183,0.75956928730011,0.0412894636392593,0.147164165973663,0.157913595438004
657,3.63499316744845,0.251868885856424,0.0603402342348449,0.0603402342348449,0.110543309118236,4.9668775921492,0.0320715384712976,0.0751896958630678,0.038972236932007,3.30352163314819,0.663543105125427,0.153865769505501,0.33137321472168,0.0536426268517971,0.199374228715897,0.149347245693207
658,3.19417384135133,0.232735628136698,0.0418904665589982,0.0418904665589982,0.0767433347360847,4.83117142691473,0.0377842607578089,0.291787956374316,0.0173612848808967,2.54609489440918,0.68204939365387,0.196963459253311,0.86251312494278,0.0705187246203423,0.384423822164536,0.301962941884994
659,0.182561779431315,0.0920419769103243,0.00108563178758433,0.00108563178758433,0.00198887743485448,4.50904541745101,0.0561560824991675,0.0932198754457554,0.0138191187469022,3.6219322681427,0.642003834247589,0.144410356879234,0.63904470205307,0.0485032573342323,0.113548159599304,0.139179229736328
660,1.13583555675526,0.163139393182882,0.00989301792178509,0.00989301792178509,0.0181240088327103,4.03306802794634,0.0824835051822664,0.249942011835543,0.023631267906189,3.03863477706909,0.639920949935913,0.165809631347656,0.452034324407578,0.0636209174990654,0.296290993690491,0.222904548048973
661,0.737346412190288,0.159352563160448,0.0080629548055565,0.0080629548055565,0.0147713332037795,3.75546514296841,0.0364286471596597,0.254136987816799,0.0381384920274043,2.83336544036865,0.648494839668274,0.17717581987381,0.552419126033783,0.0769525021314621,0.145909309387207,0.262586206197739
662,1.49847195142653,0.170192901431183,0.0300798076795114,0.0300798076795114,0.0551062076688649,2.82534244276234,0.0520451745549172,0.105990512174524,0.0350010771037448,2.84209489822388,0.661845088005066,0.179959952831268,0.862151324748993,0.0684521719813347,0.112487286329269,0.232356280088425
663,0.34232405109634,0.110863089490961,0.00274396516453394,0.00274396516453394,0.00502694418142618,2.81148976557032,0.0340551861384288,0.111667112408028,0.0296799728560304,3.34670853614807,0.625590622425079,0.150199189782143,0.200000002980232,0.0635340660810471,0.230699256062508,0.16250567138195
664,0.0425907837124612,0.0486100766856446,0.000200590775129965,0.000200590775129965,0.000367482300038096,4.11317320842015,0.0493611411402383,0.130583931853918,0.0350974782600475,2.68544793128967,0.882839560508728,0.186800867319107,0.216297343373299,0.0693903714418411,0.13988384604454,0.169369086623192
665,0.0412460218662264,0.04957336380419,0.00036938285964566,0.00036938285964566,0.000676709398870849,4.39459029240044,0.0449587351939755,0.256391012240532,0.0310841717324445,1.90336692333221,0.719974398612976,0.268515139818192,0.361814320087433,0.119931794703007,0.274521023035049,0.357416957616806
666,4.8606166920793,0.275630629492427,0.124441238372464,0.124441238372464,0.227976348698354,4.92625191781178,0.0617204909478156,0.25549408677691,0.0317599690755713,2.49128103256226,0.604851067066193,0.207574188709259,0.712051153182983,0.0863075256347656,0.360056400299072,0.348885059356689
667,1.4436490956646,0.168722865114035,0.0082791614305559,0.0082791614305559,0.0151674237407784,2.26593212817575,0.0643924903695167,0.170767968967557,0.0348398747311404,3.95087289810181,0.646735370159149,0.126582771539688,0.484709113836288,0.0421217195689678,0.105266809463501,0.10868002474308
668,1.75781846077053,0.18849855849616,0.0151328909430309,0.0151328909430309,0.0277234562076325,3.85838001081383,0.0347908781559932,0.16299624080723,0.0435406754332466,3.57177400588989,0.609570503234863,0.145975157618523,0.444794774055481,0.0536258108913899,0.102189406752586,0.154625728726387
669,2.38262868673198,0.225037478301189,0.0439832622505082,0.0439832622505082,0.080577336442931,3.18815700634401,0.0802419648263559,0.231374705600468,0.0256858713194064,2.66866111755371,0.616882085800171,0.191311314702034,0.490497469902039,0.075015626847744,0.224767044186592,0.278386890888214
670,4.28692286907949,0.245849171848497,0.24686289923291,0.24686289923291,0.45225283139469,4.02101072858825,0.0806693914892088,0.0618364112383359,0.0161041703497621,2.16567802429199,0.641792893409729,0.237278640270233,0.959295511245728,0.0604422502219677,0.319947093725204,0.279932498931885
671,0.92588421740271,0.1493775736493,0.00809675251621599,0.00809675251621599,0.0148332506097077,3.85422708360791,0.0576250807695851,0.182140900035898,0.00964793805398878,2.91624474525452,0.687496542930603,0.172713994979858,0.990717649459839,0.0547931753098965,0.157051309943199,0.219584554433823
672,2.93586938028107,0.228463100041295,0.0481995120363992,0.0481995120363992,0.0883015060506833,4.63818645594704,0.0731339622985403,0.0964225023195155,0.0177873739100692,3.23684883117676,0.619409918785095,0.155048251152039,0.778383553028107,0.0502838119864464,0.108834408223629,0.175640866160393
673,3.2455366870694,0.237073822587323,0.099532233602251,0.099532233602251,0.182343051959324,4.91108301285031,0.0655790145018875,0.0915445012956518,0.0219448771465925,2.561439037323,0.606172144412994,0.196776047348976,0.742995262145996,0.0753033459186554,0.24470429122448,0.268148601055145
674,0.837573978536744,0.139858543868871,0.00551836770303154,0.00551836770303154,0.0101096496319538,3.60343651839004,0.0487807093473976,0.120987999141989,0.0239674358401416,3.67869710922241,0.616873502731323,0.136176556348801,0.494592845439911,0.0486359409987927,0.212115973234177,0.135670453310013
675,0.473917783178737,0.129663707885954,0.00387724022602766,0.00387724022602766,0.00710310409408268,4.68699226675042,0.0853886065696391,0.226346093129237,0.0247727071588406,2.9906108379364,0.664111375808716,0.169092118740082,0.904947996139526,0.0666558146476746,0.109686322510242,0.231761813163757
676,0.136904415972087,0.0776533618932631,0.00178169103137287,0.00178169103137287,0.00326405796947509,3.93540716250857,0.0801864095573703,0.0629832902599833,0.0162102345037128,2.50436806678772,0.781305372714996,0.208352312445641,0.568824112415314,0.0424205921590328,0.167245581746101,0.181704729795456
677,0.233851273884965,0.0918529849746789,0.00083807353848768,0.00083807353848768,0.00153535072250943,1.88790192793237,0.0973020420635426,0.102130634187425,0.00672731613226666,3.08274435997009,0.831623196601868,0.163024619221687,0.637367367744446,0.0390786714851856,0.404313415288925,0.130402415990829
678,0.0890886879569514,0.0615252782029718,0.000134959542835197,0.000134959542835197,0.00024724588247408,1.57754441393727,0.0593544359224124,0.0340719684564671,0.0369760478896845,2.85781621932983,0.793691217899323,0.175255835056305,0.259596109390259,0.0358063764870167,0.132013946771622,0.143721267580986
679,2.76536227100829,0.212460822508228,0.045200749337632,0.045200749337632,0.0828077727865418,1.52780341867418,0.0747386209984525,0.129695029599098,0.0293636740979753,2.43119335174561,0.876190185546875,0.250763326883316,0.608794510364533,0.0411922670900822,0.238531187176704,0.239614486694336
680,0.411802161607785,0.118980356553561,0.00324399149912057,0.00324399149912057,0.00594299242638888,3.91302587243671,0.0535529654345398,0.125951099166655,0.0376733125057771,3.38585567474365,0.637850940227509,0.148606061935425,0.350531935691833,0.0611959584057331,0.133032217621803,0.161038488149643
681,0.0555262548826389,0.0512769647979842,0.000351321065170888,0.000351321065170888,0.000643620191393067,4.02253374259841,0.0750289327507219,0.286171787484688,0.0329137656955256,2.37997722625732,0.673577070236206,0.213483110070229,0.26260507106781,0.0927404016256332,0.120409861207008,0.309858798980713
682,2.05541864829056,0.173116243691315,0.0127408671715707,0.0127408671715707,0.0233412686583175,1.90432382981148,0.0931841531485248,0.0932337085314403,0.0479116057914312,3.51968693733215,0.747740030288696,0.144647598266602,0.715471804141998,0.0365308225154877,0.11279409378767,0.108883649110794
683,0.316555117230024,0.10082316300197,0.00256872432304697,0.00256872432304697,0.00470590295982205,4.5526481599784,0.0416928032782497,0.222390512370319,0.020424932092182,2.8688063621521,0.60623037815094,0.175496086478233,0.667613506317139,0.0835605040192604,0.10713829100132,0.262250661849976
684,0.0579164033902782,0.0508977429639976,0.000562252772568639,0.000562252772568639,0.00103004707934575,3.1818315796944,0.0577092103304046,0.113414214226723,0.00656801170214334,2.27435636520386,0.646202504634857,0.220825403928757,0.548714399337769,0.0813915953040123,0.214863464236259,0.271850675344467
685,3.89776793666793,0.276222926638939,0.0557009237887274,0.0557009237887274,0.102044092380949,4.06319456935132,0.0529389128658332,0.118784651772737,0.00715005529053912,3.19220900535583,0.625605642795563,0.160057589411736,0.883626401424408,0.0474860034883022,0.407938212156296,0.175670236349106
686,4.37776847168904,0.214784825496484,0.0633819745389269,0.0633819745389269,0.116115777355314,4.74860728209292,0.0317189180442743,0.0876207732490906,0.0309100820216511,3.25160670280457,0.673152446746826,0.157226398587227,0.477599740028381,0.0480200201272965,0.240326970815659,0.166432410478592
687,0.191620334561765,0.0799456702049845,0.000517808896514228,0.000517808896514228,0.000948625898414066,1.78845425772417,0.0733246160103867,0.201872262132087,0.0456505611880429,3.29155969619751,0.731521546840668,0.153915479779243,0.646302878856659,0.0305898450314999,0.11309989541769,0.124445423483849
688,0.152952381998976,0.0705853938872298,0.00126456117170632,0.00126456117170632,0.00231667606656598,4.74689828522347,0.0730231845778017,0.0663926301588478,0.0145529648743652,2.95480442047119,0.687740623950958,0.171429321169853,0.891921639442444,0.0550178810954094,0.151299595832825,0.174346730113029
689,3.54409334118067,0.238043757786297,0.0517918399623964,0.0517918399623964,0.0948826508111103,2.82964496478522,0.0960270109132937,0.0473533730494739,0.0348471739126865,3.79003310203552,0.731425106525421,0.134753212332726,0.300412178039551,0.0410090647637844,0.285556882619858,0.101673647761345
690,1.75183168295553,0.191668382169467,0.0323334059049384,0.0323334059049384,0.0592347996178472,4.47767436310987,0.0755715205518144,0.076961673499843,0.0408070920853043,3.10031676292419,0.610313415527344,0.161436602473259,0.435892641544342,0.0571180358529091,0.20691953599453,0.170661255717278
691,0.0347696289154286,0.0453804189669686,0.000101409702892435,0.000101409702892435,0.00018578257569894,2.13232559471483,0.0350333108534039,0.108482538785839,0.0387238119425688,3.50921845436096,0.679247379302979,0.1443712413311,0.631921589374542,0.0397302210330963,0.100000001490116,0.117398053407669
692,0.0438150432429582,0.0567850482620324,0.000201093151797562,0.000201093151797562,0.000368402654093134,3.08495336313935,0.0998084726309715,0.0831710771741142,0.00820348156150285,3.44341802597046,0.88032466173172,0.15848408639431,0.715245246887207,0.0435113050043583,0.148058384656906,0.130495205521584
693,0.695386892595668,0.15456108787034,0.00411074528823119,0.00411074528823119,0.00753088536803954,3.0254140391693,0.0699117475400055,0.140607348378118,0.00604386529778697,3.7281219959259,0.732474982738495,0.136320158839226,0.820201635360718,0.035559818148613,0.166814297437668,0.125157937407494
694,0.542991253126001,0.117910960760229,0.00465822849855124,0.00465822849855124,0.00853387460934588,4.26658257865273,0.093212843127645,0.201795342035936,0.00508382489389828,2.75442957878113,0.602449774742126,0.187137633562088,0.539391994476318,0.061952967196703,0.343632370233536,0.269152015447617
695,0.0298973331192919,0.0418865874209742,0.000169752342672659,0.000169752342672659,0.00031098629177631,3.6497881851158,0.0569062530750077,0.13142827925004,0.0482082178487048,2.57076287269592,0.768638908863068,0.195059329271317,0.264902979135513,0.0701093524694443,0.158595159649849,0.183968633413315
696,1.80382253295713,0.198305645637902,0.0110284996711353,0.0110284996711353,0.0202042113975198,1.94135093790811,0.0562393882130518,0.283673777817179,0.0154799895518232,3.33233213424683,0.612840354442596,0.150470808148384,0.761466801166534,0.0428638979792595,0.108488686382771,0.162023290991783
697,0.114460027049341,0.0713370209636041,0.000578301283586864,0.000578301283586864,0.00105944795153113,1.98947991245915,0.0883475238328777,0.157654131433199,0.0478256585147739,2.95757102966309,0.764645278453827,0.17993800342083,0.283480107784271,0.0494351089000702,0.110451139509678,0.150525197386742
698,2.44811538980745,0.176475655944625,0.0379358653800807,0.0379358653800807,0.0694985053763078,4.46461357957745,0.0326492538454463,0.183095432059269,0.0265175042759511,2.65213108062744,0.610979020595551,0.19185882806778,0.29525899887085,0.083346463739872,0.31828436255455,0.276485174894333
699,2.54614578843147,0.185320353560994,0.0132137901068538,0.0132137901068538,0.0242076634757562,1.56108076109192,0.0558114420694624,0.135105768438321,0.0187025127548616,3.2870409488678,0.710480630397797,0.153821185231209,0.580194532871246,0.0299999993294477,0.217634364962578,0.116244003176689
700,2.8957030182958,0.220794975320562,0.085123661057555,0.085123661057555,0.155946547057441,3.32805027531676,0.0752612759641552,0.0808566838860554,0.0414385988681463,2.81605982780457,0.634799540042877,0.180085554718971,0.917452573776245,0.0452536344528198,0.170879155397415,0.193093508481979
701,0.0206016260728543,0.0438447796284973,3.60443075467179E-05,3.60443075467179E-05,6.60331714255873E-05,2.88014374905339,0.0567534247889198,0.232919447046889,0.0362519707962844,4.20048713684082,0.688871026039124,0.12035333365202,0.209852635860443,0.0442290045320988,0.126541614532471,0.105181589722633
702,1.03990636065519,0.137303977716814,0.0148115336902684,0.0148115336902684,0.0271347297205717,2.62432153135325,0.0937621833529025,0.104274915960216,0.0467823473984855,2.69952869415283,0.930626630783081,0.187171325087547,0.390632510185242,0.0366458930075169,0.108534373342991,0.152584105730057
703,2.11979127125037,0.200429291990712,0.0398708857206471,0.0398708857206471,0.0730434626402255,2.01423849842509,0.0704973000410332,0.0330441075003609,0.0265431175944981,2.79242014884949,0.949999988079071,0.190862834453583,1,0.0500444062054157,0.108598448336124,0.161452412605286
704,0.0437319839213084,0.0534602484748905,0.000166012822516742,0.000166012822516742,0.000304135490850672,4.92684144966781,0.096998026427247,0.237779610326086,0.0128323890368573,3.05296349525452,0.690389811992645,0.163785561919212,0.273244857788086,0.0749527588486671,0.226536199450493,0.179582163691521
705,0.05292034920763,0.0532616183767872,0.000283716685241984,0.000283716685241984,0.000519768967363316,2.85622551292294,0.0809949154776639,0.0485212698540947,0.0341673068717563,3.47342824935913,0.75502359867096,0.146628350019455,0.288759976625443,0.0529846251010895,0.268255949020386,0.136956930160522
706,3.37497541657232,0.187070246022925,0.0416817026745283,0.0416817026745283,0.0763608792997359,2.7942860791708,0.0533193998306561,0.184345499937328,0.00660755264112757,2.78867387771606,0.641055285930634,0.18390928208828,0.851349174976349,0.0518596582114697,0.456309407949448,0.253178626298904
707,0.0538044480649868,0.0531983151932879,0.00042960639550428,0.00042960639550428,0.000787038916563841,2.47264221723848,0.0828425138506401,0.146338058145393,0.0326717201038807,2.40123653411865,0.786892831325531,0.210577964782715,0.342811852693558,0.0544713698327541,0.14692996442318,0.207064241170883
708,1.08025357523177,0.149709799113415,0.0280105474974221,0.0280105474974221,0.0513153230152773,3.06203693314822,0.0788925040014287,0.127783051951816,0.0156945252371209,2.35996103286743,0.620392978191376,0.217125207185745,0.830302596092224,0.0818432793021202,0.201092943549156,0.317010760307312
709,0.621241050492741,0.136180700232609,0.00536817058979089,0.00536817058979089,0.00983448852049691,1.63845849072863,0.0814981870853692,0.179309321738571,0.0232824409265147,2.37932205200195,0.816058695316315,0.214960843324661,0.421424269676209,0.0407334417104721,0.154389441013336,0.186918660998344
710,1.477659048624,0.150775453912217,0.0058177435876566,0.0058177435876566,0.0106581062525869,2.09144866591913,0.0883674693114524,0.0494446345687645,0.0357264023954451,3.99567627906799,0.78841906785965,0.126528725028038,0.322250634431839,0.0317932181060314,0.265221923589706,0.0800110325217247
711,2.80584876506682,0.191104559048464,0.0402962020205496,0.0402962020205496,0.0738226421016469,3.89707830796216,0.0680365169786041,0.0492076118035058,0.0236084482114838,3.70000648498535,0.685458719730377,0.135662689805031,0.401456505060196,0.0314106792211533,0.200389012694359,0.099557600915432
712,0.0482018069929817,0.0565041377159142,8.67072618363571E-05,8.67072618363571E-05,0.000158847703684206,2.05116493976157,0.0338346577814033,0.216061264041059,0.00995078493393466,3.82043981552124,0.772337853908539,0.133012607693672,0.655589938163757,0.0383341535925865,0.115201860666275,0.106722682714462
713,3.15050717940431,0.239508505681908,0.0196988569972882,0.0196988569972882,0.036088306019032,1.91791409272376,0.0877395537366436,0.265983945639094,0.0437036385507806,3.70783996582031,0.601819634437561,0.135337352752686,0.335798472166061,0.0362939238548279,0.118787102401257,0.117110535502434
714,0.179368914510144,0.082384864787923,0.000357559532746812,0.000357559532746812,0.000655049063992159,1.95933837439468,0.0427483546703397,0.14511070576553,0.0483453480825409,4.15597724914551,0.760758578777313,0.121469154953957,0.31576344370842,0.032792042940855,0.20365010201931,0.0862909778952599
715,2.5200759671439,0.186405018353371,0.0336720672789267,0.0336720672789267,0.0616872272549938,3.08035759293481,0.0379230783647069,0.134315077697288,0.0325857856400412,3.08986353874207,0.60311621427536,0.165174022316933,0.465927392244339,0.065079391002655,0.216512978076935,0.194297403097153
716,0.349178492043223,0.10623553131713,0.00476593042102397,0.00476593042102397,0.00873118453131592,4.34898029473807,0.0563633741095168,0.0901272684313904,0.016185496412037,2.94861221313477,0.600000023841858,0.171157583594322,0.511816680431366,0.0764137730002403,0.165056735277176,0.237926825881004
717,4.23201107000367,0.247815195155862,0.0581479784850619,0.0581479784850619,0.106527096584633,4.15633334672361,0.0646401582498997,0.281175813769774,0.0204599424475225,2.82211375236511,0.612915813922882,0.179135322570801,0.687621891498566,0.0653197541832924,0.272496908903122,0.261563330888748
718,3.09662232151647,0.210541673627052,0.0361662497365234,0.0361662497365234,0.0662565695173109,4.60425853138034,0.092839263578695,0.0956239104179194,0.0147003586255209,3.82569289207458,0.640063345432282,0.132249340415001,0.726843237876892,0.0408312752842903,0.297630250453949,0.130399346351624
719,0.771651938696187,0.152598062432486,0.00692859874092724,0.00692859874092724,0.0126931928933787,2.21254704578325,0.0680508337425731,0.244606833772658,0.0235119433693561,2.8610155582428,0.673475205898285,0.179007112979889,0.292370796203613,0.0581132061779499,0.255207508802414,0.219225198030472
720,0.0691391972229564,0.0613426284086635,0.000163965205400124,0.000163965205400124,0.000300384256293027,2.14264772499782,0.0960282349891328,0.248026167390842,0.0305369680190088,3.13453555107117,0.8990238904953,0.163185462355614,0.635576784610748,0.0379721112549305,0.105378933250904,0.128345489501953
721,0.331263637018284,0.107057477628083,0.00169315055438744,0.00169315055438744,0.00310185181563779,4.02305941836047,0.0307679146477056,0.224232642615714,0.0258770582019266,3.14982390403748,0.695195376873016,0.161464676260948,0.787191033363342,0.0585073344409466,0.150772273540497,0.189963862299919
722,0.232078195053203,0.0960815968639721,0.00286816658989993,0.00286816658989993,0.00525448119269667,4.73273455988032,0.0511209500539783,0.116860286022565,0.0245461908857098,2.66024947166443,0.609394311904907,0.193041741847992,0.376329272985458,0.0825152397155762,0.206941857933998,0.25986835360527
723,0.126682320412249,0.0787838689475557,0.00174879125038548,0.00174879125038548,0.0032037855707062,4.25139088693953,0.0938298986673862,0.169517080038342,0.0142271734301773,2.14154934883118,0.708755970001221,0.233814135193825,0.437035322189331,0.099137082695961,0.310225993394852,0.350833147764206
724,2.9006374013054,0.194175215736234,0.0476618832233977,0.0476618832233977,0.0873165700652645,3.51563391182663,0.0841954978890118,0.20675091190125,0.0475596753209762,2.68057441711426,0.635594010353088,0.190892532467842,0.298817366361618,0.0694135576486588,0.340373128652573,0.255815029144287
725,4.52934117920571,0.278044477710072,0.0382632585950508,0.0382632585950508,0.070098289746133,2.50638917452614,0.082650174172701,0.10817662883824,0.0396872331008684,4.30040693283081,0.765245258808136,0.117942459881306,0.822865068912506,0.0328536294400692,0.130182936787605,0.0803213566541672
726,0.296259109414768,0.103362833818491,0.00342192713116251,0.00342192713116251,0.00626897050428971,1.91612445449531,0.0486585474589208,0.179595515768761,0.0146403437143927,2.62301468849182,0.641361057758331,0.195227071642876,0.91976535320282,0.0534015633165836,0.117076277732849,0.252292484045029
727,3.25054433154344,0.256038348560161,0.0331877722497078,0.0331877722497078,0.0607999987614646,3.23878258939557,0.0897761339410411,0.202300961476422,0.019134046867268,3.63273048400879,0.600000023841858,0.14022096991539,0.485679358243942,0.0442264080047607,0.159807100892067,0.151977032423019
728,2.93275891206104,0.218744440252309,0.0326682849210214,0.0326682849210214,0.0598482979753112,1.76179294918417,0.0399879077479039,0.27779373720671,0.016525226880866,2.80977129936218,0.683364272117615,0.178290545940399,0.957181096076965,0.0515874139964581,0.195829480886459,0.234418511390686
729,0.0219307127937227,0.046132861731888,5.94985330529197E-05,5.94985330529197E-05,0.000109001312552949,3.73513192587655,0.063995367753518,0.0961234728448967,0.0427918825508528,3.93085932731628,0.894957304000855,0.131809443235397,0.214574098587036,0.0355384275317192,0.147531986236572,0.092121534049511
730,0.13675351851213,0.076159795582322,0.0011511068727801,0.0011511068727801,0.00210882779093315,3.34888446140282,0.0911115647230106,0.108259695982322,0.0094972921942504,2.86502456665039,0.729534924030304,0.184152156114578,0.664426922798157,0.0467869155108929,0.135208740830421,0.174418419599533
731,0.35687808696279,0.121167152370381,0.00135974111846508,0.00135974111846508,0.00249104572902803,1.98869089984054,0.0941340164403641,0.222657399865385,0.0103355485968902,3.35590624809265,0.753773093223572,0.150113314390183,0.579671382904053,0.0303301829844713,0.26187264919281,0.121151059865952
732,2.28708597636739,0.212017188493359,0.0120538197171846,0.0120538197171846,0.0220825977218822,2.12957052163165,0.0309841283579532,0.0407158068948959,0.036097109740867,4.09843635559082,0.781957268714905,0.123894862830639,0.26130223274231,0.0307797491550446,0.203134223818779,0.0762247145175934
733,0.24301140309724,0.0840571164852614,0.00144077812481704,0.00144077812481704,0.00263950552466482,3.44404612196733,0.045119758926068,0.241450390293657,0.0487766055994386,3.03824853897095,0.600000023841858,0.16465450823307,0.542337596416473,0.0785827860236168,0.11873821169138,0.235324203968048
734,0.882210564479255,0.167127076400566,0.0118868082183593,0.0118868082183593,0.0217766326560342,2.72670731962781,0.0592326811794224,0.141200391949285,0.0453002354751484,3.06252789497375,0.692222237586975,0.166290625929832,0.227893710136414,0.0638178810477257,0.104303166270256,0.193749949336052
735,4.27916828545758,0.244271052526855,0.109439365748904,0.109439365748904,0.200492918051992,2.52509529114092,0.0690697971788151,0.121201251953584,0.0120698496175303,2.68100762367249,0.702452123165131,0.187754064798355,0.785627961158752,0.0394244939088821,0.231125950813293,0.213263303041458
736,3.8924410788556,0.214792223649629,0.0375501228106646,0.0375501228106646,0.0687918249891375,1.73942545797244,0.0906880759749442,0.185791266904748,0.0336251028557774,2.61674642562866,0.926364898681641,0.200903385877609,0.783516049385071,0.0316076464951038,0.163974821567535,0.1439029276371
737,0.0497827689814889,0.0579585864296636,0.000134734655484274,0.000134734655484274,0.000246833888847189,3.08349498005184,0.0446910355643844,0.121321995436253,0.0379320395438154,3.55638098716736,0.847215414047241,0.142173275351524,0.202373743057251,0.0426285639405251,0.104540124535561,0.0987894684076309
738,0.0665253292134684,0.0631114583402181,0.000927104704856057,0.000927104704856057,0.0016984558192963,4.17271934690199,0.0774639253845824,0.0341144721861499,0.0244921368083761,2.53648090362549,0.90478253364563,0.207725629210472,0.755171537399292,0.0570473074913025,0.125706508755684,0.193076282739639
739,0.221629128867218,0.106066897893645,0.00127562197717433,0.00127562197717433,0.00233693946218338,3.77127067453706,0.0798707908419878,0.032782033991131,0.0446873091442441,3.9377772808075,0.890166580677033,0.127408027648926,0.693428635597229,0.0299999993294477,0.118090890347958,0.0764483213424683
740,0.406195048045169,0.124330755070911,0.00417383204099022,0.00417383204099022,0.00764646029909408,2.98120473152579,0.0885136206294874,0.111552291566682,0.0320483459416995,3.19738149642944,0.709665894508362,0.15646556019783,0.255774855613708,0.0413650758564472,0.12631656229496,0.142131015658379
741,0.0994944352339392,0.0846853456897414,0.000378703153101683,0.000378703153101683,0.000693784176482282,3.49782023278535,0.041534868131254,0.115486848135875,0.0286682621628664,3.9648175239563,0.612080693244934,0.127685934305191,0.248579129576683,0.0478864051401615,0.210152059793472,0.109449967741966
742,0.0844555778100652,0.0735124934104894,0.00133676331169166,0.00133676331169166,0.00244895038701913,1.79373184261368,0.0830547031814962,0.233976088679265,0.0368343008568593,1.73010575771332,0.882344365119934,0.306890219449997,0.862334668636322,0.0681963264942169,0.152080416679382,0.343616932630539
743,0.279861208640527,0.108279565091193,0.00112994804857901,0.00112994804857901,0.00207006482499674,2.82443833730191,0.0628986625032491,0.141022185910244,0.0150545393125046,4.08417510986328,0.683325052261353,0.123049013316631,0.961798310279846,0.0378691591322422,0.116916835308075,0.113630190491676
744,4.93251111676029,0.263186928927269,0.0943856545490284,0.0943856545490284,0.17291451913382,4.92026522113919,0.0515885780136633,0.1398440502187,0.00863013212907446,2.84227323532104,0.610949039459229,0.178966790437698,0.964465498924255,0.0659520775079727,0.285516530275345,0.236470267176628
745,3.34957516124017,0.256315896865868,0.024143141774136,0.024143141774136,0.0442302357302171,1.54786834983211,0.0547723014260986,0.111703125656177,0.0412850159897517,2.93144130706787,0.788823902606964,0.171679601073265,0.379141986370087,0.0299999993294477,0.388004332780838,0.124215327203274
746,0.0403063869294316,0.061122821173164,0.000201983428002787,0.000201983428002787,0.000370033640101106,4.06115722151879,0.0520089384300666,0.0900479203397132,0.0250227594818586,3.57526707649231,0.731680452823639,0.142390519380569,0.251425981521606,0.0541501566767693,0.108100920915604,0.119018122553825
747,0.26179988960018,0.0890356076948075,0.00089495116217435,0.00089495116217435,0.00163955052910341,1.99301691133674,0.0645128038258997,0.13029887730694,0.013364598121215,3.76089406013489,0.635952711105347,0.134916186332703,0.232331767678261,0.0305205024778843,0.187542423605919,0.0976158604025841
748,0.185000023762331,0.0750869575267747,0.00146559977172829,0.00146559977172829,0.00268497878180623,4.30719445320539,0.0484159857484607,0.0358108575060352,0.0419293520667577,3.11552119255066,0.671847343444824,0.162946835160255,0.586589574813843,0.0386196635663509,0.129445284605026,0.139980003237724
749,0.698926551975901,0.130232345890612,0.00446314517774555,0.00446314517774555,0.00817648196562986,3.68139173693764,0.0646512522035838,0.136813697754968,0.00774551116662434,3.44558882713318,0.64561265707016,0.14545351266861,0.541208744049072,0.0465549416840076,0.287106573581696,0.157450169324875
750,1.13076531781941,0.162102816433237,0.00858425503653767,0.00858425503653767,0.015726355226937,2.87766676300649,0.0825479409281439,0.186308969312007,0.0223020622017244,3.41573309898376,0.690032303333283,0.147794246673584,0.701815724372864,0.0503101237118244,0.106232151389122,0.157245665788651
751,0.124469282093302,0.0897210830549168,0.000891689751076005,0.000891689751076005,0.00163357562397124,1.59518533514694,0.0695667975014742,0.235351177424798,0.0496050043792514,2.19472479820251,0.852577447891235,0.23454824090004,0.991771459579468,0.04234728962183,0.100000001490116,0.226833209395409
752,0.0499087692969073,0.048759443299751,0.000144671754048665,0.000144671754048665,0.000265038653417153,3.63356065292524,0.0380389986486561,0.174239010695036,0.0440097175243841,3.69757437705994,0.650656044483185,0.135984778404236,0.205756172537804,0.0645061433315277,0.135953709483147,0.135226294398308
753,2.58851208115128,0.199139984700842,0.013633983941686,0.013633983941686,0.0249774585811688,1.80981800583918,0.0335734422292788,0.225848518813549,0.0329784870408314,3.62982797622681,0.676979303359985,0.13782311975956,0.524678289890289,0.0385385081171989,0.134203433990479,0.133488893508911
754,1.72516005010704,0.192950173841061,0.0439547902739384,0.0439547902739384,0.0805251757818552,4.46326083848994,0.0598059112037085,0.190907397635281,0.0370054267524195,2.31003975868225,0.655962944030762,0.228972569108009,0.595629155635834,0.103102073073387,0.302120536565781,0.369929283857346
755,0.296339628751358,0.104029370955588,0.002148365768727,0.002148365768727,0.00393580608830786,4.16140529181945,0.0335330220032129,0.0759361486486086,0.00781790904319298,3.23890686035156,0.673187375068665,0.155823841691017,0.627534329891205,0.0532999336719513,0.341673523187637,0.156009703874588
756,0.168246029344385,0.0981675085164927,0.000546696493157597,0.000546696493157597,0.00100154797546472,1.88871189333671,0.068941441004653,0.0734232785692895,0.0315131840185139,3.65369176864624,0.891140520572662,0.137010216712952,0.212662190198898,0.0328731462359428,0.184039175510407,0.092037670314312
757,3.57792863602746,0.246106828285986,0.0470685357096599,0.0470685357096599,0.0862295574200969,4.52057178148303,0.0875952792591397,0.288890038977623,0.0186632130589656,2.76319074630737,0.640305042266846,0.181762680411339,0.706335783004761,0.0620399639010429,0.332135170698166,0.266460478305817
758,0.0226283072870163,0.0396656365250595,0.000161586577342401,0.000161586577342401,0.000296026609691278,3.45157732984934,0.0471753564427454,0.0585328770939254,0.0300728544215159,2.87982130050659,0.756174325942993,0.177257925271988,0.835958898067474,0.0477407276630402,0.133087679743767,0.185088142752647
759,0.328597546865727,0.118164271026977,0.00219024220497771,0.00219024220497771,0.00401252371951917,4.35680145931113,0.0932851913870179,0.0438047642486038,0.0104962751711266,4.44478416442871,0.64031320810318,0.112613029778004,0.86563777923584,0.031196441501379,0.263048678636551,0.0827391594648361
760,0.180160617415867,0.0807265532466144,0.00159764626536002,0.00159764626536002,0.00292688795813955,2.7284502318167,0.0677862541401074,0.102016474246116,0.0481966054284977,3.3725106716156,0.60827773809433,0.149213850498199,0.233089745044708,0.0593437924981117,0.119964487850666,0.157645329833031
761,0.0229762336928927,0.0446341851223734,5.58607797026187E-05,5.58607797026187E-05,0.000102336948415197,4.53546031079254,0.0441002869807949,0.0779615449984033,0.0291843226330262,3.88019609451294,0.845795631408691,0.129106894135475,0.205015182495117,0.0338829606771469,0.253116190433502,0.090122751891613
762,2.5455508579157,0.241901058376012,0.0394956310421587,0.0394956310421587,0.0723559960692348,2.19580313418631,0.049776326493024,0.239012075352229,0.0076737476539051,2.67184734344482,0.618350744247437,0.192107349634171,0.835481405258179,0.0558270253241062,0.448111593723297,0.272294938564301
763,0.218137959287227,0.0970195300474699,0.000943265340027018,0.000943265340027018,0.0017280621029295,2.76657334921556,0.0850455778952791,0.244992979529059,0.0388119683227682,3.37877368927002,0.619054675102234,0.148141652345657,0.489620715379715,0.0568979121744633,0.176309674978256,0.168323680758476
764,0.886147914408572,0.122805177587156,0.00312078423589148,0.00312078423589148,0.00571727672015319,2.34454629547725,0.0639637507358738,0.130775137629412,0.041076562280354,3.88378286361694,0.65680056810379,0.131235256791115,0.657880306243897,0.031752672046423,0.107122696936131,0.0974840521812439
765,3.86769467663417,0.256586639699163,0.192743195112523,0.192743195112523,0.353105533446141,1.56592862612876,0.0586883557504168,0.251163990795139,0.0171230677712503,1.62818813323975,0.821917295455933,0.314355731010437,0.952982902526856,0.0457528159022331,0.378468304872513,0.363196074962616
766,1.77178216564668,0.194216243781226,0.0373253108220725,0.0373253108220725,0.0683799694260368,3.9809276734043,0.0579507767340117,0.187181608456877,0.0246592258603343,2.52535462379456,0.616739451885223,0.20034071803093,0.919125854969025,0.0978544279932976,0.362296849489212,0.326298147439957
767,3.44900628738953,0.237556663698957,0.0341110210773752,0.0341110210773752,0.0624913906137514,2.02667240339895,0.0695839944349236,0.13612123694209,0.0391925505180607,3.76894092559814,0.627608954906464,0.133882656693459,0.416690409183502,0.0313919447362423,0.173858553171158,0.10494514554739
768,0.30540486213754,0.109808995772942,0.00192914790039037,0.00192914790039037,0.00353419895351516,3.85175280210769,0.0494986507741352,0.263563410930469,0.00735694579719257,2.86730146408081,0.619855463504791,0.176435887813568,0.773080468177795,0.061519131064415,0.35975968837738,0.252498090267181
769,0.0209170993994366,0.0422919183318966,4.06270120206493E-05,4.06270120206493E-05,7.44286860218295E-05,2.90588491559023,0.0362829603074434,0.287801531551432,0.0309202687929667,3.52149105072021,0.741828262805939,0.146135255694389,0.361225992441177,0.0522246398031712,0.112657867372036,0.131944745779037
770,0.395327182035497,0.121414820848929,0.0012458869534913,0.0012458869534913,0.00228246489879605,1.63384304933977,0.0928822729933301,0.123148463882635,0.0092887900733519,3.20157647132874,0.795779287815094,0.164947554469109,0.643269717693329,0.0299999993294477,0.350358128547668,0.141890361905098
771,1.21700673278976,0.157221958834887,0.00718529646752702,0.00718529646752702,0.0131634631285095,1.85020598951821,0.0891302539398289,0.0903570104589109,0.00703483766439314,3.28816509246826,0.883303761482239,0.158315196633339,0.83624255657196,0.0337048731744289,0.35254979133606,0.11901380866766
772,0.459830931205903,0.122712813152036,0.00453096660380852,0.00453096660380852,0.00830073081817721,3.2424381549291,0.0818413821427525,0.186350341142522,0.0123146429413735,2.85227489471436,0.609329700469971,0.177414134144783,0.742744326591492,0.0694959685206413,0.232961386442184,0.23497349023819
773,2.86100349755358,0.233464438805787,0.0486272798881637,0.0486272798881637,0.089085176755116,3.98367099172914,0.0398237685764641,0.0786856672461415,0.0289770006678205,3.39584136009216,0.631420969963074,0.149000376462936,0.53646457195282,0.055016465485096,0.1587885171175,0.158762454986572
774,1.15321513360799,0.168724281432687,0.0097533724206476,0.0097533724206476,0.0178681782746264,2.43804836047844,0.0483860770579618,0.0870457144055256,0.0300091449289078,4.01151323318481,0.635132074356079,0.125015050172806,0.290570110082626,0.0372768603265285,0.140834420919418,0.0969833955168724
775,2.83714337216937,0.194852368658679,0.0394786202579041,0.0394786202579041,0.0723248323124802,4.46383037458977,0.0570716525947229,0.0499672560852275,0.0408056804353043,3.82821559906006,0.687471568584442,0.132693365216255,0.421582251787186,0.0397054739296436,0.156676545739174,0.121425800025463
776,0.32303294937312,0.0976950862160406,0.00312426292057843,0.00312426292057843,0.00572364967049969,3.02589780331201,0.0974339696613601,0.0423983046408375,0.0171557010731155,3.35785126686096,0.826077044010162,0.15209624171257,0.442532241344452,0.0509616509079933,0.185339361429214,0.13023978471756
777,4.60052289894681,0.27931224408136,0.0470211996358485,0.0470211996358485,0.0861428377328745,3.01825655790639,0.0431352511611932,0.058332368941065,0.00733204119437406,3.58877348899841,0.862722039222717,0.140777856111527,0.819471478462219,0.0311268586665392,0.396743208169937,0.110932067036629
778,0.593672721978588,0.121382033823288,0.00450797843324324,0.00450797843324324,0.00825861648970162,1.8900499200375,0.0390966883643991,0.035776893664006,0.0142276741734386,3.38133668899536,0.93875640630722,0.149712562561035,0.68574857711792,0.0324690788984299,0.103985220193863,0.099164679646492
779,0.935705902417925,0.146041502187589,0.0096734598800168,0.0096734598800168,0.0177217785001908,1.55166685244994,0.0815497507245018,0.180532401423848,0.00832217884758913,2.36180400848389,0.818777143955231,0.234099209308624,0.772591888904572,0.0404883548617363,0.472088307142258,0.226925164461136
780,0.0359131360561628,0.0480423179808621,0.00013518623187643,0.00013518623187643,0.000247661176797619,2.56653627947587,0.0384487251782151,0.297799917199712,0.0172968774587291,2.73692560195923,0.64861387014389,0.187418669462204,0.255378067493439,0.0788694620132446,0.193749636411667,0.202632129192352
781,0.0484458238650949,0.055503507443084,0.000321785003692419,0.000321785003692419,0.000589510126764511,1.53549424839735,0.0761967919067271,0.283160523214091,0.0457353789941697,1.99570262432098,0.876148104667664,0.32592436671257,0.601670145988464,0.0496226325631142,0.100329712033272,0.379057735204697
782,0.935490062872608,0.144231694799208,0.00951217857668354,0.00951217857668354,0.0174263111524842,4.53973593922349,0.0748204418124449,0.100566748015898,0.0088721108584406,3.29329037666321,0.601261794567108,0.154053449630737,0.801093995571137,0.0539984703063965,0.184075489640236,0.166508138179779
783,1.54618887573838,0.1989899341568,0.0297337748102251,0.0297337748102251,0.0544722754523323,4.49922312731521,0.0804675284411156,0.156030132230961,0.0314712800757919,2.68300294876099,0.640580415725708,0.18655851483345,0.74426144361496,0.0746496990323067,0.155789896845818,0.26123434305191
784,0.99065775568972,0.142495668601214,0.0145500596481285,0.0145500596481285,0.0266557092753714,2.81395241916259,0.0843067351735943,0.0379417755332989,0.0317612516512645,3.11502838134766,0.928764820098877,0.162889033555985,0.458660781383514,0.0457490719854832,0.128380581736565,0.127462983131409
785,2.5245576814478,0.209738322112799,0.0287441266053351,0.0287441266053351,0.052659239940974,3.66434006220679,0.076341816835243,0.145837686428536,0.0325217382920712,3.54099559783936,0.659634590148926,0.143762692809105,0.654424428939819,0.0480979159474373,0.165470510721207,0.150642707943916
786,3.11735435138811,0.249988192523257,0.122750130564987,0.122750130564987,0.224878239195057,4.74821900520276,0.0356043626793967,0.0513519380942953,0.0125153969482274,2.30013370513916,0.668954849243164,0.224157452583313,0.81651246547699,0.0746702253818512,0.411695748567581,0.284833520650864
787,2.31245213414203,0.216438555293762,0.0324199740613069,0.0324199740613069,0.0593933924803143,4.6796343039521,0.0732138257758546,0.0399978914616896,0.0389863138618047,3.97479200363159,0.744907081127167,0.126082435250282,0.725613057613373,0.0329938344657421,0.132599323987961,0.0926356539130211
788,2.52386829964799,0.220890216270761,0.025131303246954,0.025131303246954,0.0460405475484198,2.98521834076774,0.0788177813219192,0.10657663836611,0.0390600163196335,4.2190523147583,0.649197936058044,0.121551662683487,0.340552777051926,0.0334326885640621,0.238156989216804,0.103674076497555
789,1.84628242122335,0.1938592166411,0.014740069903962,0.014740069903962,0.0270038080640583,2.10989507743943,0.0853708487841416,0.244350315425106,0.0473884154970502,3.31784152984619,0.647539675235748,0.155672863125801,0.550583302974701,0.0456391237676144,0.253703832626343,0.160927042365074
790,0.0233157406723617,0.0405347365541105,0.000169962445032022,0.000169962445032022,0.000311371199298665,4.37046171786329,0.0343183466874197,0.166387423509818,0.0376196931440388,2.27053427696228,0.853732705116272,0.229447394609451,0.256169527769089,0.089555986225605,0.168196231126785,0.240947246551514
791,1.88370087096358,0.185139019069631,0.0399209588583173,0.0399209588583173,0.0731351966284372,4.88128433303764,0.0991437842700553,0.129434112786219,0.0129135844382232,2.57839417457581,0.679121911525726,0.204928889870644,0.991557061672211,0.0734958499670029,0.21815587580204,0.272713363170624
792,0.624694664323662,0.115781160899748,0.00550569216573516,0.00550569216573516,0.0100864280476268,4.00948345758798,0.0533340805627107,0.263289153820752,0.0239806350187745,2.68984246253967,0.60983282327652,0.189145714044571,0.850215673446655,0.0805065706372261,0.176910102367401,0.289129376411438
793,0.217652347889002,0.0922475588237604,0.00259012839316488,0.00259012839316488,0.00474511521627805,2.2230073620212,0.0989687272475783,0.075102374470319,0.0477100080388318,2.56254625320435,0.911008358001709,0.204851910471916,0.509816110134125,0.0688189119100571,0.115901879966259,0.203974783420563
794,0.941315557231489,0.150150131174799,0.00714750939347955,0.00714750939347955,0.0130942372088545,4.36228045785139,0.0747383300320749,0.218446818574695,0.0202516513174393,3.12663245201111,0.609156727790833,0.160992667078972,0.791223406791687,0.0559197999536991,0.126203924417496,0.205982506275177
795,0.988284155116884,0.147948883719659,0.01762030524314,0.01762030524314,0.0322803992054325,2.71120967837447,0.0914792604556998,0.0827052730706868,0.0213758137600881,2.8041410446167,0.816857874393463,0.195302650332451,0.463586211204529,0.0397476479411125,0.391409397125244,0.126687347888947
796,0.490112362184638,0.122363533881573,0.00550353164201441,0.00550353164201441,0.0100824699681704,2.97627031443323,0.0477406155461232,0.231857374864351,0.048162576523342,2.60915756225586,0.610426247119904,0.193007603287697,0.220672756433487,0.0873816609382629,0.277561038732529,0.292477130889893
797,0.410151182641671,0.108140347927921,0.00269679375076829,0.00269679375076829,0.00494052615140751,3.59759373534608,0.0924681038668478,0.253484347237321,0.0136468424199815,2.84416675567627,0.643289685249329,0.179061859846115,0.780841112136841,0.0689073130488396,0.189905524253845,0.236617058515549
798,3.26944000724705,0.194980003000895,0.0452627267592067,0.0452627267592067,0.0829213154228667,3.24020841988843,0.0476909750447432,0.295682769125489,0.035455814556028,2.70903706550598,0.602527320384979,0.185488551855087,0.550559937953949,0.0803112611174583,0.240677639842033,0.299475073814392
799,1.35889824889588,0.189044379367498,0.0101016243099942,0.0101016243099942,0.0185061757359095,2.80459086311405,0.0862614680894932,0.226644785740013,0.0156445952267468,3.36033797264099,0.671682775020599,0.153153851628304,0.526228785514832,0.0440185815095902,0.294620335102081,0.169177979230881
800,0.895184694992556,0.121250491761902,0.00255096525376819,0.00255096525376819,0.00467336834490332,1.90574209986733,0.0537974693397165,0.0758703253104507,0.00705057192938478,4.31071138381958,0.600000023841858,0.118747361004353,0.217031851410866,0.0302688330411911,0.3293636739254,0.0809130594134331
801,4.5161065414786,0.239040010571226,0.0695275207644226,0.0695275207644226,0.127374418040422,4.54607034902302,0.0490657755461747,0.0966565022890252,0.0328251808706214,3.41727209091187,0.673130214214325,0.148611903190613,0.340875387191772,0.0570811592042446,0.222943916916847,0.159019082784653
802,2.49705716185481,0.211884470075927,0.0162610249720089,0.0162610249720089,0.0297901977487203,2.42435673022195,0.0946396774125287,0.111248745990184,0.030454126070768,4.0683913230896,0.766115367412567,0.12339324504137,0.666981935501099,0.0299999993294477,0.180283337831497,0.0804008468985558
803,0.167051283591768,0.0804948122202354,0.000668463753109304,0.000668463753109304,0.00122462559569624,4.06963957715221,0.0486352535711469,0.140303088062832,0.0276108550260453,3.58129215240479,0.636264085769653,0.140134245157242,0.354125291109085,0.0551386438310146,0.179355069994926,0.137777790427208
804,3.45406740705912,0.227675840821605,0.0566035930452803,0.0566035930452803,0.103697782458954,3.41580850752888,0.0329432347713962,0.167526389759332,0.0200520388929342,2.85405373573303,0.622142553329468,0.176082983613014,0.720476567745209,0.0731531754136086,0.274217665195465,0.23807555437088
805,0.0236248015794054,0.04421584383236,5.31530191388682E-05,5.31530191388682E-05,9.73763310624065E-05,1.71540261211774,0.0631166794322427,0.232298002575561,0.0149059247827879,3.11691451072693,0.803105354309082,0.191830277442932,0.384331226348877,0.0318146906793118,0.152408391237259,0.202662572264671
806,2.3417575865138,0.229208393128547,0.0411270789249637,0.0411270789249637,0.0753448085905335,4.84145743670044,0.0314444659547454,0.242831664141854,0.0150798323936093,2.46650004386902,0.65272182226181,0.209507644176483,0.617632687091827,0.0812543258070946,0.255242705345154,0.323428303003311
807,1.47265358624153,0.203451982056468,0.0153981507223921,0.0153981507223921,0.0282094121234223,2.37260939821339,0.0813351088505931,0.110304311044917,0.00867986632721889,3.45971894264221,0.764597058296204,0.144662126898766,0.822008550167084,0.0305531900376081,0.22338879108429,0.107152804732323
808,3.17304712195403,0.235736192859764,0.17539504614051,0.17539504614051,0.321323724529415,4.65220528992123,0.052067286711404,0.0437138970061276,0.013752876014664,1.93219470977783,0.706728935241699,0.26672101020813,0.820420920848846,0.0735751092433929,0.5,0.365229696035385
809,1.27407836636311,0.18512473081404,0.0118694794376815,0.0118694794376815,0.0217448863298324,3.64090508354061,0.0679050913840417,0.0956062833611285,0.0399369128220998,3.66041898727417,0.761406362056732,0.13990718126297,0.416852504014969,0.0476343333721161,0.149959042668343,0.11767190694809
810,0.255065271160741,0.104128670068556,0.0013605022694999,0.0013605022694999,0.00249244015772382,4.07504272764427,0.0791945948495091,0.0550410622939025,0.010460296834675,4.04791164398193,0.694271147251129,0.123921930789948,0.698902368545532,0.030010037124157,0.135458633303642,0.0849607214331627
811,0.657340431809265,0.124864431459373,0.0058288173499189,0.0058288173499189,0.0106783933850514,3.64146394347072,0.0894110975612981,0.123626701030582,0.0195556276627367,3.05842924118042,0.771638929843903,0.167479455471039,0.467999011278152,0.0469421334564686,0.162259593605995,0.173169493675232
812,0.0647946588219812,0.0625573676146929,0.000325930349897331,0.000325930349897331,0.00059710440101191,4.59038206971875,0.0836793109727969,0.124226869363877,0.0350100300271119,3.38835024833679,0.655056536197662,0.148074254393578,0.201740756630898,0.0615279339253902,0.10446435213089,0.134506046772003
813,0.0612888990375851,0.0586141651207825,0.000225482877921483,0.000225482877921483,0.000413084632352157,2.14865041433091,0.0609501621912702,0.132552018353528,0.0360066174722949,3.34251308441162,0.788356900215149,0.152906447649002,0.255314886569977,0.037453081458807,0.175397008657455,0.118935011327267
814,0.0426864404056548,0.0499748869556087,6.38088246236456E-05,6.38088246236456E-05,0.000116897766710519,1.50160813175675,0.0747804381004164,0.232143925917389,0.0139252213914416,2.56140923500061,0.753178358078003,0.211189016699791,0.763764441013336,0.0299999993294477,0.106041818857193,0.252151817083359
815,0.0205755105878932,0.0410449327100886,0.000358115219886419,0.000358115219886419,0.00065606708283192,3.47884022450418,0.0835930690284977,0.0896784187275361,0.0168571738000506,2.2676510810852,0.809476792812347,0.263659328222275,0.558920025825501,0.0741059631109238,0.137833073735237,0.386188268661499
816,4.93284118979376,0.228477777819339,0.101090035967719,0.101090035967719,0.185196945892861,3.34889552797641,0.0984514314282284,0.171984702557256,0.0428443044770169,3.14891934394836,0.609940052032471,0.159690648317337,0.570564568042755,0.0700324103236198,0.178184270858765,0.222118377685547
817,0.0705848565980657,0.0630071374941242,0.000230580018354781,0.000230580018354781,0.000422422593625958,3.04816823418854,0.0807071270168405,0.136481392957836,0.0398081279365749,3.64850163459778,0.80084764957428,0.139484509825706,0.302002340555191,0.0402960926294327,0.107732959091663,0.106730207800865
818,0.160400919334478,0.0800629041185523,0.0010302474951465,0.0010302474951465,0.0018874134111084,2.32037070731979,0.0421470596234156,0.0561603650351144,0.0293414754115424,3.74740266799927,0.761423408985138,0.134345382452011,0.213764622807503,0.0327435247600079,0.17211626470089,0.100669026374817
819,0.0294729435440289,0.0501985738920456,0.00020401772725391,0.00020401772725391,0.000373760476329164,2.32610636968776,0.0733112037916874,0.223860127120422,0.0467315870060171,2.24342632293701,0.924756526947022,0.224776431918144,0.473984748125076,0.0606338120996952,0.107942618429661,0.224975109100342
820,0.977154794646408,0.154590743414275,0.012897976242851,0.012897976242851,0.0236290924769031,2.33887275551909,0.0870796944567212,0.256516923446813,0.0304765934422705,2.61169409751892,0.65772807598114,0.193480357527733,0.767544448375702,0.0713103711605072,0.192625716328621,0.259126216173172
821,1.09391815068521,0.164673636501742,0.0146846090057117,0.0146846090057117,0.0269022036984638,4.28475231761854,0.0877749666313007,0.275647439946507,0.0338869529610465,2.69785761833191,0.624216675758362,0.190179988741875,0.659736335277557,0.0821172446012497,0.223850592970848,0.310141801834106
822,0.0743955043124345,0.0540948740393185,0.00015225619716641,0.00015225619716641,0.000278933353208864,1.77150113042,0.0729362328486962,0.187016454443373,0.0434823750994757,3.03059601783752,0.714164137840271,0.165219455957413,0.305752515792847,0.0403987802565098,0.122957125306129,0.127168372273445
823,1.24775408639601,0.160629031522868,0.0129805222801063,0.0129805222801063,0.0237803168171547,4.6510340861501,0.061251253962691,0.0827278050607947,0.0450955469695232,3.59257960319519,0.631018877029419,0.139796748757362,0.484088122844696,0.0560083873569965,0.206721812486649,0.140990078449249
824,0.278220252887621,0.0927991797651987,0.000644967489474266,0.000644967489474266,0.00118158044071685,1.71134210549774,0.0429628619378258,0.0710747723494224,0.0335263530284631,4.09389686584473,0.747987031936646,0.123332872986794,0.205056309700012,0.0299999993294477,0.221463248133659,0.0768486559391022
825,0.922710316126949,0.170779614759237,0.0151543333517239,0.0151543333517239,0.0277627387003582,3.72414396793811,0.0799660243321826,0.220281383489177,0.0468953455828992,2.71103835105896,0.656009256839752,0.190706476569176,0.582959353923798,0.0789861753582954,0.129980877041817,0.290620088577271
826,0.145494891997359,0.0731175744156043,0.00188135551877465,0.00188135551877465,0.00344664331039516,1.95073442838746,0.0791772005698128,0.182228349794154,0.0320111487403579,1.92494261264801,0.946303844451904,0.274456113576889,0.392417281866074,0.0563061386346817,0.131851032376289,0.26558992266655
827,2.11909499963462,0.188516792927346,0.0323842727962433,0.0323842727962433,0.0593279877627177,1.53918763755841,0.0443317218756064,0.033046033514112,0.0410301594487208,2.66645359992981,0.81092768907547,0.198337331414223,0.576809227466583,0.0487565621733665,0.226869627833366,0.196622580289841
828,0.518240203047177,0.124897157984244,0.00460545396559473,0.00460545396559473,0.00843719166496954,4.92172688031658,0.0486877758980658,0.0870293136297369,0.0466740522457339,3.54413890838623,0.680246293544769,0.141131654381752,0.255047470331192,0.0674621760845184,0.142726123332977,0.145721763372421
829,1.98974651403515,0.168205946505075,0.0112401147347838,0.0112401147347838,0.0205918901941239,1.67010470928924,0.0876498781867027,0.290523602363963,0.0333028333644948,2.95830225944519,0.72124171257019,0.171539589762688,0.813336133956909,0.0312124490737915,0.245595529675484,0.154426485300064
830,2.75032477721861,0.211584413892986,0.0348233754199595,0.0348233754199595,0.0637964237693658,3.74636075918715,0.0616182690525753,0.108249306324392,0.018474161357129,3.42329216003418,0.640020251274109,0.148276045918465,0.832796335220337,0.0490351617336273,0.184460252523422,0.15977481007576
831,0.030143271385295,0.0464464126724312,0.000193449897903601,0.000193449897903601,0.000354400212959397,3.69410942671348,0.0421277614000534,0.141362780828212,0.0399322139565952,2.56708931922913,0.819639921188355,0.195000484585762,0.295475125312805,0.0765723660588264,0.126596301794052,0.194781631231308
832,2.26609017611065,0.207573423461674,0.023553525107663,0.023553525107663,0.0431500579972386,4.03463505523044,0.083106740781829,0.285055839717869,0.0368551197951188,2.9297182559967,0.608160614967346,0.17196461558342,0.649628460407257,0.0690118297934532,0.362044990062714,0.246250808238983
833,0.0977018030467652,0.0728834319540948,0.000255538449006629,0.000255538449006629,0.000468146438580144,2.2439170674566,0.0953616394791864,0.0427006255279107,0.0200341624516514,3.7464497089386,0.923091351985931,0.138172999024391,0.277754962444305,0.0366243496537209,0.16579557955265,0.0939114093780518
834,1.42576296969131,0.170195774805074,0.0140801032634141,0.0140801032634141,0.0257947491785745,4.0162970687068,0.0676605045165092,0.137523858726106,0.0486019388462914,3.4425094127655,0.608460426330566,0.148989304900169,0.44531574845314,0.0548871047794819,0.211703523993492,0.160946741700172
835,2.06452025099293,0.187214335462451,0.0294107850713042,0.0294107850713042,0.0538805582506293,4.23357974261081,0.0476002038676007,0.0710557017873633,0.0207317056859258,3.19537830352783,0.636953413486481,0.160000875592232,0.735849976539612,0.0493537485599518,0.181281954050064,0.16371051967144
836,3.86564303587209,0.280648570185401,0.0476141841878594,0.0476141841878594,0.0872291854321584,3.42288862079829,0.065313296537869,0.272652921041137,0.0499080632403422,3.2394700050354,0.606844007968903,0.154331102967262,0.874016523361206,0.0603014640510082,0.187815129756928,0.215378627181053
837,1.10178986318185,0.146461324187524,0.00932255530931018,0.00932255530931018,0.0170789213266563,2.39077462828599,0.0437386318057743,0.268854020238438,0.0168719235238422,2.74231028556824,0.60591846704483,0.182447776198387,0.664729773998261,0.0686804428696632,0.274328708648682,0.251988768577576
838,0.626254399592132,0.133439116989987,0.011396160834943,0.011396160834943,0.0208777666496157,4.49708805233644,0.0802467506808578,0.172968877884851,0.0493313895940177,2.44314765930176,0.627422451972961,0.206046000123024,0.78034770488739,0.100303694605827,0.13041464984417,0.337650507688522
839,1.57346061755326,0.202148980531739,0.0238843827153734,0.0238843827153734,0.043756189134564,4.72799866782074,0.0761479701422873,0.192318623168582,0.0312424315237447,2.88376760482788,0.605615675449371,0.176811546087265,0.526511669158936,0.0769535228610039,0.137150004506111,0.239909335970879
840,1.37323988010788,0.173995751715317,0.0125127099810653,0.0125127099810653,0.0229232846853116,3.56301587856258,0.0839713159503882,0.195954256816506,0.00738560685950557,3.04125118255615,0.659019649028778,0.167505428195,0.700015068054199,0.056232612580061,0.249728977680206,0.211162492632866
841,0.851523005513284,0.15664973476357,0.0090381683397365,0.0090381683397365,0.0165579243983973,4.69231958593481,0.0542887628502679,0.219697290572205,0.0323496350691706,2.91998434066772,0.63473916053772,0.178155139088631,0.45077782869339,0.0741122514009476,0.169148236513138,0.241096973419189
842,0.793266035100702,0.154423237314549,0.00935200687377554,0.00935200687377554,0.0171328765927568,4.45981157055662,0.083084359917855,0.128934089675602,0.0367250083797374,3.3147075176239,0.630837380886078,0.151576891541481,0.779120624065399,0.0605595633387566,0.13258208334446,0.186775356531143
843,0.953472784289415,0.142184375134935,0.00894891112071172,0.00894891112071172,0.0163944051731439,4.2964737485088,0.08114784085988,0.140980979179165,0.0245668333310083,3.08828592300415,0.658654093742371,0.166096016764641,0.277200490236282,0.0581782273948193,0.254404842853546,0.185457348823547
844,2.29786762798606,0.194269399928905,0.0510933668988259,0.0510933668988259,0.0936030481586491,4.77513042118701,0.0460540394526846,0.148504599712889,0.0390465406345755,2.51029014587402,0.629282772541046,0.20101098716259,0.302280068397522,0.0857874527573586,0.301077991724014,0.287906289100647
845,0.0973658886079411,0.076110773361859,0.000862353489684229,0.000862353489684229,0.00157983159310151,4.5691439763305,0.0864466014211989,0.201891590946209,0.0461931518325107,2.45756506919861,0.633046567440033,0.207843512296677,0.353493362665176,0.0865707248449326,0.259258657693863,0.27753558754921
846,0.0272427417304272,0.046305009749878,0.000202366136250514,0.000202366136250514,0.000370734761610941,3.47484137211995,0.0953565572993346,0.165062985239425,0.0472707961020387,2.33686590194702,0.884594202041626,0.218976333737373,0.253008902072906,0.0629578679800034,0.108267426490784,0.205952763557434
847,0.28293807783574,0.119272324303012,0.0081705040335684,0.0081705040335684,0.0149683633894973,4.99181100825003,0.0583956560355918,0.0564793529429887,0.0134541356673825,2.11179304122925,0.694539725780487,0.245531782507896,0.689740777015686,0.0951907560229301,0.451868891716003,0.326355427503586
848,1.08977785320715,0.173624556382886,0.0115455288495908,0.0115455288495908,0.0211514088524503,3.90307240006388,0.0640841849724547,0.0954220066975568,0.00559891380495567,3.21156859397888,0.64427375793457,0.159592270851135,0.710568726062775,0.0418880544602871,0.322858452796936,0.168299466371536
849,0.628577287727028,0.134752035322196,0.00540197743668654,0.00540197743668654,0.00989642266400975,4.35742516520478,0.0599095190220094,0.180602258902531,0.0366005730648173,3.08366107940674,0.684374570846558,0.163972154259682,0.292056918144226,0.0668341889977455,0.192396774888039,0.194620475172997
850,1.06541483919451,0.162711399723325,0.0185034839133834,0.0185034839133834,0.0338983825293184,4.89712595401134,0.0541156569809738,0.246360017766175,0.0191305157245943,2.39018034934998,0.622935235500336,0.210544392466545,0.800059020519257,0.0930548384785652,0.282427608966827,0.374618947505951
851,0.150597115827251,0.0834517687213299,0.000413672402587384,0.000413672402587384,0.000757847841540088,2.29270879155229,0.0768634620243328,0.0611585994651319,0.0464099194894042,4.49764680862427,0.690432071685791,0.116973571479321,0.437937021255493,0.0306203030049801,0.123901695013046,0.0772262811660767
852,2.22330987046596,0.20761649992689,0.0136969581809079,0.0136969581809079,0.0250928273874232,1.50076330076182,0.0855221111419046,0.252641601898418,0.0333898935987275,2.66546082496643,0.705560445785522,0.192654773592949,0.958205163478851,0.0299999993294477,0.126367598772049,0.174959421157837
853,4.19417652381788,0.239946499544961,0.0513358255125579,0.0513358255125579,0.0940472323390062,2.76372163082528,0.0915244273603243,0.210910173963232,0.0268543751717068,3.23784422874451,0.641090154647827,0.156874969601631,0.841784536838532,0.0481447093188763,0.100000001490116,0.174665093421936
854,3.06565214735486,0.231580536791675,0.039618287122881,0.039618287122881,0.0725807020091179,2.92390334616477,0.0997847535838577,0.22618884069686,0.0368774790573968,3.13156962394714,0.677799105644226,0.159752294421196,0.629028081893921,0.057165153324604,0.100545234978199,0.191148206591606
855,2.55703589885833,0.222543184093932,0.0346700452579177,0.0346700452579177,0.0635155229125053,4.58346090049008,0.0788654152843737,0.222065290537195,0.0291175081596288,2.88979196548462,0.635032594203949,0.173675641417503,0.48252147436142,0.0661622956395149,0.336220681667328,0.232858031988144
856,0.500210269276972,0.11576431122959,0.00190626658014257,0.00190626658014257,0.00349228037482119,1.78093370022846,0.0943487143774038,0.241720586764198,0.0285319946912994,3.0573148727417,0.755830466747284,0.165049001574516,0.300732910633087,0.0307691860944033,0.159120514988899,0.12674942612648
857,0.338345845808299,0.102819021005607,0.00240929672400659,0.00240929672400659,0.00441383159838007,4.79011649160638,0.0616496919749503,0.0521213209771471,0.00681848446563242,3.40830230712891,0.646743714809418,0.151106238365173,0.589048504829407,0.0336425043642521,0.40426504611969,0.131454795598984
858,2.07246677539472,0.202731013112376,0.0264468797287241,0.0264468797287241,0.0484506836630226,3.20922377662037,0.0322211501138575,0.12326307127767,0.00785653811613733,2.92819476127625,0.626602590084076,0.172587901353836,0.69782429933548,0.0553366728127003,0.264102905988693,0.202593967318535
859,0.731802430259857,0.133225964085897,0.00202179115067589,0.00202179115067589,0.00370392138803823,1.74459931157907,0.0694745253081234,0.0916323467456708,0.0200820276068877,3.51456022262573,0.900594890117645,0.143045216798782,0.861499428749085,0.0300221815705299,0.107197567820549,0.0910047516226769
860,1.3490072719133,0.18662086756041,0.0132225766415544,0.0132225766415544,0.0242237604073277,4.39310419159379,0.0445795112642858,0.243360240661942,0.0343074460835058,3.0806405544281,0.667159140110016,0.169524699449539,0.637474834918976,0.0673900842666626,0.144184932112694,0.210802316665649
861,0.202692717201891,0.0860331325642206,0.00132025400022296,0.00132025400022296,0.00241870532840847,4.53501065158351,0.0469711402964093,0.205274362499122,0.0135629015629463,2.74852299690247,0.646543681621552,0.188290745019913,0.972973346710205,0.0755414217710495,0.145654916763306,0.247292011976242
862,0.0820616837868247,0.0731881367989916,0.00020778892474587,0.00020778892474587,0.000380669310134433,1.83797712341963,0.071632640677066,0.226869696330966,0.0136236769847302,3.32549595832825,0.719579637050629,0.151893362402916,0.862701237201691,0.033677663654089,0.109886340796947,0.11725489795208
863,4.88095930916538,0.29336422267224,0.109214291979955,0.109214291979955,0.200080582907278,2.86740790099413,0.0996625704959139,0.182158138229828,0.010899345868993,2.63565015792847,0.62086284160614,0.191869899630547,0.728795230388641,0.0541363097727299,0.440836727619171,0.227310955524445
864,2.67512993132248,0.202774972659936,0.0234194922277148,0.0234194922277148,0.0429045097611735,3.14060353874178,0.0358181974082103,0.0566523503359555,0.0148979586489423,3.90265893936157,0.680531859397888,0.128136500716209,0.545304119586945,0.0302790757268667,0.110459737479687,0.0988985523581505
865,0.190072588964012,0.0966333222765775,0.000998064673678552,0.000998064673678552,0.00182845448217911,4.28411966495867,0.0650976367774301,0.184789437655228,0.0386804605304053,3.55531549453735,0.641592741012573,0.143445879220963,0.586768686771393,0.0654208287596703,0.11729271709919,0.168000608682632
866,2.54638585717429,0.224071553911465,0.0165068471068447,0.0165068471068447,0.0302405438997394,1.96553130105177,0.0888058731088484,0.192315634310277,0.0297657087035835,3.34878659248352,0.869020521640778,0.151154041290283,0.429799228906632,0.0300962869077921,0.105948194861412,0.106134459376335
867,0.706677898887079,0.14121430956771,0.0058501421464174,0.0058501421464174,0.0107174604122367,4.20205500880313,0.0459132175714256,0.252375979600918,0.0116051104576037,2.87614583969116,0.6080442070961,0.179698958992958,0.805287480354309,0.06483244150877,0.20892696082592,0.257546126842499
868,0.0408759022708524,0.0563670758216033,0.000114227468945838,0.000114227468945838,0.000209264723108775,3.70552797747214,0.0304907165664124,0.182255808594321,0.0108864668961737,3.48970794677734,0.649679064750671,0.146247580647469,0.306974768638611,0.0473374016582966,0.16655558347702,0.124514989554882
869,1.75507930236906,0.165089217904627,0.0142636658281168,0.0142636658281168,0.0261310357971099,2.46979883947327,0.0518500146752096,0.209215051001529,0.0472092265802163,3.31772994995117,0.609153270721436,0.157289192080498,0.564064562320709,0.0563297122716904,0.23288194835186,0.186494648456574
870,2.40902411801372,0.217231761439532,0.0286690221828081,0.0286690221828081,0.0525216486389044,3.9525984396996,0.060296924344795,0.218178578749579,0.0489375923758389,3.2139356136322,0.663016438484192,0.158895179629326,0.740638136863709,0.0634733214974403,0.122632972896099,0.206468507647514
871,4.08261681697164,0.27663059265728,0.0598379777062031,0.0598379777062031,0.109623175157764,2.47546480909613,0.0348956491194157,0.16540580268278,0.0398661066143709,3.36468625068665,0.647842526435852,0.152999088168144,0.335837453603744,0.0588896423578262,0.178143903613091,0.173934787511826
872,3.27537847951685,0.240310600110768,0.428713589498601,0.428713589498601,0.785403295961436,2.34435766143755,0.0411626553042178,0.0417154478626127,0.0417492430527677,1.53512799739838,0.785440683364868,0.341677308082581,0.543615937232971,0.0698446482419968,0.280186533927917,0.387348651885986
873,2.19104956302732,0.231962106596151,0.0273607811482409,0.0273607811482409,0.0501249510635773,4.18172287299517,0.0575989760511453,0.0906349500166346,0.0301878042764678,3.63609290122986,0.707534670829773,0.137926742434502,0.434642940759659,0.0448700524866581,0.174998760223389,0.132033437490463
874,0.182955816219524,0.0689756781297315,0.00126126313954395,0.00126126313954395,0.00231063407164452,3.5525696586138,0.0335208161686135,0.135950872160502,0.0242906219218849,3.00250267982483,0.610434710979462,0.167637377977371,0.580124080181122,0.0792689919471741,0.231683045625687,0.225354075431824
875,0.165094897748381,0.0854012139732329,0.00136779627785889,0.00136779627785889,0.0025058027810375,2.15196893209377,0.079188320654995,0.294525878362945,0.0252465833264028,2.51296782493591,0.605448603630066,0.201363667845726,0.276743412017822,0.0786189362406731,0.220200136303902,0.280609905719757
876,0.0287314059688488,0.0415497589369467,8.98026731818057E-05,8.98026731818057E-05,0.000164518497269068,3.30425024530962,0.0920164418866193,0.179646265877328,0.0424043730091647,3.40973615646362,0.693541526794434,0.147289842367172,0.271890252828598,0.0571705810725689,0.176341965794563,0.14063273370266
877,0.155919697252909,0.0814571359157507,0.000396043957084254,0.000396043957084254,0.000725552529378354,2.17739676938602,0.0908211896061872,0.205040792402561,0.0464652792974689,3.7273530960083,0.668163597583771,0.134972900152206,0.249946802854538,0.0403081439435482,0.100000001490116,0.099137507379055
878,0.317727086816039,0.0886361996342054,0.00361778721553162,0.00361778721553162,0.00662778617885393,2.13970926872283,0.0762359042822543,0.208638271574765,0.0067180254270117,2.34404540061951,0.622443318367004,0.220342233777046,0.863789677619934,0.0626037269830704,0.203714177012444,0.29759418964386
879,0.0504175531045825,0.0509214072428271,0.000593200937247715,0.000593200937247715,0.00108674411703781,3.28493363862245,0.0660198259920109,0.129062714550143,0.0114425393310006,2.01452326774597,0.765576124191284,0.251286834478378,0.729564607143402,0.0983088165521622,0.200899004936218,0.307392805814743
880,1.12418673543718,0.172839744188433,0.0284051142745084,0.0284051142745084,0.0520381693508994,3.40755468060014,0.0600901770192879,0.0541443071861033,0.0151014713638531,2.80805826187134,0.663568675518036,0.183635354042053,0.671217918395996,0.0397398211061954,0.238494768738747,0.190621197223663
881,0.56837575581196,0.126893446853465,0.0024747960471998,0.0024747960471998,0.00453382635847003,2.9183288815109,0.0972805704957569,0.0982824809918904,0.0206377162046728,4.2898383140564,0.711899995803833,0.119026884436607,0.26244854927063,0.0299999993294477,0.112619042396545,0.0699668303132057
882,0.485075013340326,0.124539347983096,0.0061527450867048,0.0061527450867048,0.0112718289988432,2.71289001436859,0.0333007029882572,0.226849023684706,0.0294728138761459,2.53873753547668,0.687732636928558,0.202142119407654,0.399702876806259,0.0859143286943436,0.196265041828156,0.317059636116028
883,0.753310554549685,0.126662489041876,0.00713753501214086,0.00713753501214086,0.0130759641422421,3.72208269839091,0.0631305714570981,0.172082193511858,0.0387731610081827,3.02140974998474,0.613588154315949,0.165826395153999,0.421829283237457,0.0688564628362656,0.165565505623817,0.211894065141678
884,4.89510764839926,0.27322800449932,0.0874424973030845,0.0874424973030845,0.160194655059251,4.1487631070039,0.0981049584431713,0.0642890696684996,0.0349143459505762,3.79650115966797,0.633644700050354,0.131987020373344,0.502054035663605,0.0299999993294477,0.12324033677578,0.0988826975226402
885,4.18386378613879,0.258280691797514,0.0547608598733782,0.0547608598733782,0.100321895288029,2.13432667860877,0.0824103557394958,0.168437985947927,0.0108711084567492,3.22976541519165,0.742044568061829,0.161989137530327,0.869537830352783,0.0353721678256989,0.237334251403809,0.140436083078384
886,3.4725732565289,0.268238271820178,0.118725911327856,0.118725911327856,0.217505869552631,4.33757601104016,0.0400991555227762,0.0410700923752237,0.0159749794001277,2.79764747619629,0.65664941072464,0.179425552487373,0.9172443151474,0.054906465113163,0.300934433937073,0.211066886782646
887,0.479525657817081,0.109939388660182,0.00463092747333083,0.00463092747333083,0.00848385913114207,4.20464723961983,0.0563535574211648,0.136611069605485,0.0295202770200698,2.86997103691101,0.64621913433075,0.175727874040604,0.317161560058594,0.079358235001564,0.243712514638901,0.221197754144669
888,0.120271235160475,0.0800172496697675,0.00081141613816885,0.00081141613816885,0.00148651436512533,3.76547560621286,0.0308696593822473,0.129520386911699,0.0380084177775219,3.01610517501831,0.657080888748169,0.169885203242302,0.456328392028809,0.0645537450909615,0.279227584600449,0.187921106815338
889,2.2154970946148,0.220253218050793,0.0510683776446796,0.0510683776446796,0.093557267845053,1.56557287258845,0.0757158039646639,0.175648358878405,0.0336857551016175,2.02299642562866,0.94382780790329,0.274289578199387,0.939290165901184,0.045114528387785,0.134169667959213,0.264119625091553
890,0.0478199558730121,0.0540703541664195,0.000534996714210447,0.000534996714210447,0.000980113980433538,4.05007027352918,0.0572935203359076,0.0832648826701815,0.0283683161474539,2.27733993530273,0.776160717010498,0.221462428569794,0.316419064998627,0.0866639390587807,0.211390852928162,0.237781077623367
891,0.233107259376781,0.105847309355768,0.0062238222324427,0.0062238222324427,0.011402042329835,3.73049117629252,0.048027979039667,0.0874838733832069,0.0413708539944707,2.14050602912903,0.625301003456116,0.241906896233559,0.597271025180817,0.120499163866043,0.127333015203476,0.376023501157761
892,0.0203702686725979,0.0424162120711522,8.86174620407027E-05,8.86174620407027E-05,0.000162347190458567,3.91551911483547,0.0387099830550528,0.160052108040287,0.0125918041651406,2.99590659141541,0.823837399482727,0.171463415026665,0.594524323940277,0.0606193132698536,0.136009752750397,0.164687782526016
893,1.7084359079906,0.16239961785009,0.0145033766367343,0.0145033766367343,0.0265701859984972,2.31192394474807,0.0978899419988573,0.123878200701947,0.022608025082256,3.26089429855347,0.800565898418427,0.156452283263206,0.795142710208893,0.0299999993294477,0.225669920444489,0.116344273090363
894,2.04315797288941,0.191410945672084,0.0587496691829493,0.0587496691829493,0.107629393943163,4.67184637943525,0.0311276938492691,0.0465971752386755,0.0140519172611498,2.54277110099792,0.611070454120636,0.201399192214012,0.579988896846771,0.0752516835927963,0.41839998960495,0.256728231906891
895,1.65006882049158,0.207355563920854,0.0346432991112608,0.0346432991112608,0.0634665239718298,4.45286055942942,0.0919974634864787,0.280859359539653,0.0423112287864806,2.31025505065918,0.636589884757996,0.222741350531578,0.417886197566986,0.0898588597774506,0.329531908035278,0.375832498073578
896,0.908927446770415,0.149398460017305,0.0114197679731502,0.0114197679731502,0.0209210149268111,4.63968534073696,0.0590339703173131,0.227481843534742,0.0389745545001626,2.69479060173035,0.610072791576386,0.188024058938026,0.434913754463196,0.0801382958889008,0.245131179690361,0.286974370479584
897,0.567961279714521,0.136776331146674,0.00240708692311142,0.00240708692311142,0.00440978324314011,1.79092286223766,0.0521793703142842,0.083352943544267,0.0110351944956598,4.07597208023071,0.73761522769928,0.123694337904453,0.733998715877533,0.0299999993294477,0.108512446284294,0.0835890024900436
898,0.88584107004599,0.142310626229636,0.0242366619171837,0.0242366619171837,0.0444015646322806,1.96544582299583,0.0507547177512518,0.178029441924551,0.0310270452337982,2.27395701408386,0.641331195831299,0.223618850111961,0.774194777011871,0.0636511594057083,0.129917025566101,0.364315807819366
899,0.479720608561473,0.100887637610565,0.0019144949948928,0.0019144949948928,0.00350735483064362,3.2045979529976,0.0336003337289757,0.268199225058281,0.0205465540860399,3.1923656463623,0.66040974855423,0.157003656029701,0.718244552612305,0.0601798817515373,0.100645370781422,0.195362433791161
900,0.317289073666829,0.102321120889396,0.00115318946240013,0.00115318946240013,0.00211264309511704,2.34421939122693,0.0592838297182459,0.128181483854741,0.0190403531068291,4.33467197418213,0.707459568977356,0.116833731532097,0.513218104839325,0.030492290854454,0.157896652817726,0.091274619102478
901,1.06022352136914,0.15033818980386,0.00569586606297849,0.00569586606297849,0.0104348266273766,2.84057968608554,0.079603661460649,0.265034032025744,0.00848326784381215,3.3112645149231,0.610836088657379,0.152611121535301,0.81930947303772,0.0478261262178421,0.26432204246521,0.181404039263725
902,2.72128337908585,0.236939469361376,0.0382474615330457,0.0382474615330457,0.0700693495285398,2.27398856152349,0.0344091274504863,0.290285925161825,0.0281555927831164,2.68951559066772,0.629464566707611,0.188593134284019,0.569542050361633,0.0702628865838051,0.300208657979965,0.278424143791199
903,4.36465894368084,0.242487549836532,0.0340823981537521,0.0340823981537521,0.0624389534176739,2.18469651813757,0.0680179873946211,0.161929653177284,0.0497415087824788,3.91742610931396,0.667570650577545,0.128092288970947,0.268735110759735,0.0331661999225616,0.28534260392189,0.107809960842133
904,0.512869634111764,0.115266512130409,0.00526143897297236,0.00526143897297236,0.00963895619848537,4.9667741566874,0.0743775868186482,0.117607116776918,0.0257474524549774,3.09748649597168,0.647873520851135,0.164013758301735,0.650829255580902,0.0677043274044991,0.1898083537817,0.206328973174095
905,0.119124327936744,0.0710710994431038,0.000398567933005187,0.000398567933005187,0.000730176453265502,2.95701858756103,0.0968313878866514,0.14016705565022,0.0487682061009592,3.84253478050232,0.691781640052795,0.131778612732887,0.467645138502121,0.0457266271114349,0.106628753244877,0.106919884681702
906,1.00303411468418,0.171994488806169,0.0303057454776225,0.0303057454776225,0.0555201257150045,4.62400081130204,0.0680953681900952,0.109545830950758,0.0248326889469721,2.2004337310791,0.618803679943085,0.230184361338615,0.702738344669342,0.0959811955690384,0.177447974681854,0.353516429662704
907,1.83828134808026,0.167036016539009,0.0160204684466809,0.0160204684466809,0.0293494981943193,2.31121741898111,0.0778318464319024,0.201263856132943,0.0159264238805333,3.37176704406738,0.621490716934204,0.148310527205467,0.826962113380432,0.0512258484959602,0.117139771580696,0.167174786329269
908,0.0773659784613357,0.0665733385674098,0.00129943130817002,0.00129943130817002,0.00238055815656748,3.57092049998356,0.0966051429441832,0.148573796123292,0.0368861242453376,2.05120611190796,0.742468416690826,0.25582218170166,0.29403692483902,0.0965820029377937,0.246539115905762,0.340943455696106
909,0.412331221220706,0.113686130304495,0.00256187744142345,0.00256187744142345,0.00469335947268777,4.38546359150632,0.084586788515481,0.110284308934661,0.0188715267565927,3.57670569419861,0.685822725296021,0.142255529761314,0.281337857246399,0.0458500757813454,0.224766448140144,0.134634599089623
910,0.243028771368364,0.0935542887208512,0.000880751587146559,0.000880751587146559,0.0016135369076525,3.28525820222052,0.045667123976595,0.168473904356198,0.0120844944951442,3.80747056007385,0.61670982837677,0.132046684622765,0.555119335651398,0.0493941269814968,0.100977368652821,0.133590430021286
911,1.88994169616069,0.190311304663076,0.0251960545606144,0.0251960545606144,0.0461591719550455,3.6196354184678,0.0583843156675717,0.280049453902808,0.0291673050611895,2.68501877784729,0.604103565216064,0.188487112522125,0.557726502418518,0.0769601538777351,0.239727810025215,0.304580539464951
912,0.902498497513744,0.135584519190825,0.00435235764022647,0.00435235764022647,0.00797351919689489,2.26586457304692,0.094801930868641,0.26725615205662,0.0403943604715707,3.53604650497437,0.622226119041443,0.142630487680435,0.286872029304504,0.0487602651119232,0.100000001490116,0.131683588027954
913,0.430593406288197,0.118472675689258,0.00391375539841133,0.00391375539841133,0.00716999988988955,4.92583161822178,0.098040201089426,0.250252804051585,0.040161756723039,2.92407536506653,0.602205216884613,0.172895565629005,0.404804915189743,0.0835819318890572,0.126608088612556,0.247670769691467
914,0.428832250469437,0.109643680341543,0.00199312092723769,0.00199312092723769,0.00365139753869944,3.33032831589247,0.0334335630179438,0.229423533306296,0.0244949232204715,3.42224168777466,0.689788341522217,0.150245293974876,0.267758697271347,0.0534385815262795,0.207854896783829,0.170014202594757
915,0.0588755401864083,0.0678206910573913,0.000485699526611664,0.000485699526611664,0.000889801532752569,1.92475378640181,0.0530434640313469,0.276052167181995,0.0277192472523956,2.40605401992798,0.652211844921112,0.212101191282272,0.242558762431145,0.0779611766338348,0.14132796227932,0.273328542709351
916,3.05218876838434,0.196260082545903,0.0160795681343479,0.0160795681343479,0.0294577688221254,2.02238505796474,0.0369963549369683,0.220279556002038,0.0426317405342796,3.86826801300049,0.723240494728088,0.130352810025215,0.44008019566536,0.0427411645650864,0.105729319155216,0.121573612093925
917,0.381225359623006,0.123353011423334,0.0039514791023735,0.0039514791023735,0.00723910971554826,4.23042726063774,0.0527062416432796,0.177705429031729,0.00852759928953046,2.56145477294922,0.681715309619904,0.195893436670303,0.704881966114044,0.0740869343280792,0.334480673074722,0.271236151456833
918,0.373500096357233,0.119708730244193,0.00337627171533131,0.00337627171533131,0.00618532978248696,4.79085334835368,0.0928013406111912,0.113633401347491,0.010155450025949,3.14015197753906,0.601928949356079,0.16190630197525,0.372523307800293,0.0578796565532684,0.256615459918976,0.1682108938694
919,0.0244825371483937,0.0541566879825983,4.77906579670199E-05,4.77906579670199E-05,8.75524853955805E-05,2.23289903798938,0.030219388979912,0.115717783520262,0.0441893148149383,4.35380125045776,0.76048481464386,0.117299072444439,0.635453224182129,0.0299999993294477,0.112417280673981,0.0836279317736626
920,0.0754595098459443,0.0738206546640725,0.00073731321082201,0.00073731321082201,0.00135075780222592,2.08497314108262,0.0515253386024596,0.247139338002626,0.0457597629641891,2.35717368125916,0.710907101631165,0.217246145009994,0.490385204553604,0.0772024169564247,0.232592612504959,0.305891335010529
921,0.0663364235724789,0.0534343387235313,0.000162362480620929,0.000162362480620929,0.000297448064497541,3.56578305915602,0.0457578899915604,0.190067066301665,0.0164178205984714,3.63182687759399,0.629804790019989,0.142537370324135,0.255127489566803,0.0492224469780922,0.154576286673546,0.132590532302856
922,0.409440817881652,0.115833880763058,0.00369720586363789,0.00369720586363789,0.00677328114218462,2.24867083001348,0.066081773942318,0.287717595642638,0.0344116870521308,2.83240222930908,0.680158913135529,0.176706120371819,0.446712166070938,0.0768070891499519,0.129107072949409,0.269880145788193
923,4.52237783278129,0.300183311304153,0.0796332607620824,0.0796332607620824,0.145888133716135,2.61967647362923,0.0872754595982565,0.0524536975973931,0.0265550244412296,3.5850727558136,0.919795572757721,0.143565207719803,0.677343964576721,0.0337430573999882,0.143254712224007,0.096892774105072
924,4.37177239362256,0.264676514277391,0.070656704291361,0.070656704291361,0.129443082261773,4.818083825592,0.0561783522205547,0.0432435867067726,0.0337105041757461,3.98706436157227,0.632031142711639,0.125495970249176,0.350907355546951,0.0343787223100662,0.141584604978561,0.10605712980032
925,3.73686940886211,0.237696151499151,0.0342103138689276,0.0342103138689276,0.0626732950078754,2.34249996897103,0.0884478099289604,0.199132956259441,0.0146630737833468,3.62220644950867,0.659983992576599,0.138345420360565,0.859246075153351,0.0381684303283691,0.289268374443054,0.136363446712494
926,4.78245099322754,0.262221569990175,0.0487545295266598,0.0487545295266598,0.0893182980928407,2.33102054034405,0.0527419651758687,0.0643440877394591,0.0275327231708863,3.78648900985718,0.892496705055237,0.132324129343033,0.88844233751297,0.030635878443718,0.139174595475197,0.0862735956907272
927,0.827194839504437,0.143360817794923,0.00794502311782922,0.00794502311782922,0.0145552823518631,1.874534882409,0.0932390254393293,0.0923572366914165,0.00795534969645229,2.87605309486389,0.897571444511414,0.191863372921944,0.973663568496704,0.0405023470520973,0.24372710287571,0.165196225047112
928,2.23776905411507,0.194159541021174,0.0509108218271234,0.0509108218271234,0.0932686255872901,4.03328245939957,0.0360677431864875,0.226257105639687,0.0177808278007174,2.29003167152405,0.681794762611389,0.228491678833961,0.830742418766022,0.0910686179995537,0.188875257968903,0.398092359304428
929,0.369458961076987,0.0978835088087805,0.00167090535044738,0.00167090535044738,0.0030610986020196,3.41703993948955,0.0847125019495641,0.0764530739274794,0.0443302864454203,4.36374235153198,0.636618375778198,0.114750362932682,0.303579241037369,0.0299999993294477,0.100583925843239,0.0786457359790802
930,1.3068942298591,0.165750155623382,0.0199931894970866,0.0199931894970866,0.0366275231586627,3.39390438521354,0.0674689481772666,0.16572156524388,0.0416415947379049,2.73626685142517,0.655974507331848,0.184942707419395,0.473240315914154,0.073446661233902,0.168123215436935,0.247620940208435
931,1.19863652071449,0.147930199791013,0.0207716453494222,0.0207716453494222,0.0380536542801415,2.99949426001243,0.0394852088954271,0.0371940355409409,0.0221455858982022,3.21105170249939,0.645220875740051,0.156172260642052,0.486836194992065,0.0299999993294477,0.273259729146957,0.141160249710083
932,0.182413376949634,0.0838117602749558,0.000839697674855476,0.000839697674855476,0.00153832614033523,2.19129971638678,0.0315708004811205,0.219245312416888,0.018636727156615,3.20812320709229,0.617638051509857,0.156282126903534,0.258634388446808,0.0663628876209259,0.227978378534317,0.185464024543762
933,1.50219048660332,0.155225293465799,0.00945792886435711,0.00945792886435711,0.0173269256795022,3.03207760090706,0.0948591651937134,0.0603386857014442,0.0334965008182681,4.31701469421387,0.80429619550705,0.122870229184628,0.592108547687531,0.0299999993294477,0.126987025141716,0.0735709592700005
934,4.68524872785881,0.243981806631371,0.0472404787777174,0.0472404787777174,0.0865445571207783,3.39436391716731,0.0932084375527376,0.191260445730382,0.0408262567866988,3.35490846633911,0.779386281967163,0.151998311281204,0.509658455848694,0.0464923977851868,0.102628156542778,0.155857443809509
935,0.846577573113266,0.162671396081171,0.0129041469308318,0.0129041469308318,0.0236403971772839,4.55782581750205,0.0523814622746469,0.263804790713666,0.0311902609125792,2.47552990913391,0.673447966575623,0.204358667135239,0.680834591388702,0.0864002853631973,0.204182952642441,0.346631705760956
936,0.23437623683982,0.0957992200252019,0.00127048474064634,0.00127048474064634,0.0023275280448641,3.38928211811752,0.032392052352995,0.0882934577556799,0.0413298132309416,3.75735712051392,0.612416207790375,0.133733093738556,0.342609018087387,0.0548825487494469,0.158065557479858,0.123783588409424
937,2.54837440566515,0.214135677294919,0.0165865700404797,0.0165865700404797,0.0303865963141587,2.31925258469553,0.0410141517024024,0.1267407652622,0.0410323747004334,4.07185220718384,0.722044587135315,0.125791296362877,0.27090135216713,0.03807108476758,0.123905085027218,0.0984139889478684
938,0.042723362050118,0.0489944162634741,0.000161922296496921,0.000161922296496921,0.000296641647182359,1.58212158564011,0.0624676193944709,0.0347233490387687,0.0260579708865765,2.84611773490906,0.724143147468567,0.213046297430992,0.368433624505997,0.048387423157692,0.100000001490116,0.295910328626633
939,0.558301017602827,0.122239191387974,0.00973494404679065,0.00973494404679065,0.0178344174937205,4.38814984447597,0.0552370998585373,0.141634090210876,0.0277698947974321,2.33213496208191,0.610506534576416,0.215992465615273,0.727346837520599,0.094269335269928,0.32931724190712,0.325525164604187
940,0.488757058209429,0.11595167984916,0.00324837085384768,0.00324837085384768,0.00595101540424895,4.24139378855447,0.0969362609348111,0.174679953579578,0.0210763426820162,3.36663389205933,0.670975029468536,0.14995376765728,0.369688153266907,0.0546323210000992,0.151618048548698,0.172931298613548
941,3.27557509145174,0.263940485723943,0.0681810923903742,0.0681810923903742,0.124907761259166,2.91127211922796,0.0419189679222938,0.129715078482059,0.0263348970951398,2.99433016777039,0.65877765417099,0.167315751314163,0.948030114173889,0.0626671984791756,0.134600937366486,0.209930241107941
942,3.79628697081434,0.277384974586382,0.0628497547644258,0.0628497547644258,0.115140750728428,4.54952793470096,0.0681777820215932,0.266358321754739,0.0360187725352224,2.69911623001099,0.61227422952652,0.189098820090294,0.358764857053757,0.0743308365345001,0.319712966680527,0.259847968816757
943,0.0212887174206093,0.0436263518316422,5.22216704870749E-05,5.22216704870749E-05,9.56701003323213E-05,2.12012058591386,0.0735919315737633,0.278878246273722,0.0355692239321609,3.07823491096497,0.851032078266144,0.179095864295959,0.436642676591873,0.0441414602100849,0.100000001490116,0.163475692272186
944,2.3120184795705,0.195086770478105,0.0119578191275871,0.0119578191275871,0.0219067246417395,1.87125740956602,0.0596517073738854,0.0745917934696208,0.0286310706366529,3.90115904808044,0.838501870632172,0.130033761262894,0.553914427757263,0.0299999993294477,0.119503997266293,0.0774024277925491
945,1.40297538468708,0.173439199823689,0.0146284714033628,0.0146284714033628,0.0267993596109607,2.91277776205882,0.0957120620871749,0.288983685189281,0.0373251983311275,2.91935467720032,0.641596615314484,0.173309147357941,0.912173092365265,0.0670285373926163,0.108240388333797,0.245097622275352
946,0.0659277570632463,0.0585983273352789,0.000254646499085955,0.000254646499085955,0.00046651238632547,2.68945205682007,0.0320079390958278,0.218608960442943,0.0195626417193762,3.08082818984985,0.647203207015991,0.163139432668686,0.277273029088974,0.0648523941636086,0.100000001490116,0.187491178512573
947,0.149557752100756,0.0783776476980071,0.00104467988955404,0.00104467988955404,0.001913853557663,3.20205639032067,0.0934801941256992,0.0953489950738012,0.00830220583228355,3.14783239364624,0.715546190738678,0.164945036172867,0.365087598562241,0.0390014462172985,0.217892289161682,0.136513441801071
948,1.13979233940572,0.161011058832971,0.0213448610094924,0.0213448610094924,0.03910378536939,1.91455377015823,0.0964919201969461,0.267370927738201,0.0308581097110174,2.2195737361908,0.696893274784088,0.225547641515732,0.502724826335907,0.064760722219944,0.155284821987152,0.272775828838348
949,0.10713441034477,0.0791727783670908,0.000653477203689135,0.000653477203689135,0.0011971702371585,3.6587903386965,0.0533997638779789,0.0993632036394617,0.0353719167044366,3.1733078956604,0.747687876224518,0.160440176725388,0.265324026346207,0.0578588508069515,0.171636208891869,0.14906507730484
950,0.0665771577670718,0.0651886328742585,0.000408474258501131,0.000408474258501131,0.000748324841574071,2.28615011938884,0.0373359680319883,0.148597391164378,0.0227883455555444,3.10776996612549,0.616255462169647,0.169604450464249,0.353376746177673,0.0640249699354172,0.235531434416771,0.186066910624504
951,0.245201096122063,0.0924533829051086,0.00152558908630853,0.00152558908630853,0.00279487920611723,4.32174813133533,0.0678749331578833,0.117631823860228,0.03046856164041,3.13796758651733,0.751301348209381,0.162392035126686,0.396479994058609,0.0625433400273323,0.142434671521187,0.167584523558617
952,1.30228549583854,0.181876477252112,0.00856013557721868,0.00856013557721868,0.0156821683774646,2.45666058522916,0.0604600356277401,0.170472487664576,0.0232641774906915,4.03865146636963,0.609262228012085,0.124908044934273,0.397217690944672,0.0422136932611465,0.111489281058311,0.11804635822773
953,3.611649281368,0.243970225246009,0.144857715699725,0.144857715699725,0.265379335161896,4.43507579423179,0.0868885055501715,0.08334868326137,0.00590755245374589,2.03089118003845,0.679460883140564,0.251739203929901,0.995422840118408,0.0565210953354836,0.490109205245972,0.34893673658371
954,1.27155544710624,0.183038961164484,0.00879213893078843,0.00879213893078843,0.0161071985212044,2.51367154432064,0.0414455059378495,0.0672889372606818,0.0487616286994505,4.27692651748657,0.613363265991211,0.117031373083591,0.534699440002441,0.0299999993294477,0.197420686483383,0.0882590711116791
955,0.409226979454704,0.120970486505641,0.00250166031136929,0.00250166031136929,0.00458304169042855,4.36116239431459,0.0714383187390831,0.233555346914475,0.047416839886133,3.22855854034424,0.680393695831299,0.157615482807159,0.289865911006927,0.0661099851131439,0.100000001490116,0.190416902303696
956,0.78283344151267,0.130766423596854,0.028103491114439,0.028103491114439,0.0514855957216522,2.58503950322944,0.0956548377749084,0.117911250536322,0.0349378272975641,1.90500593185425,0.870673775672913,0.276805102825165,0.608356535434723,0.0536886677145958,0.177281185984612,0.298626959323883
957,2.20003522742924,0.203925621004237,0.0381182176134443,0.0381182176134443,0.0698325746678299,3.16377878040798,0.0692727360799362,0.215932332333604,0.0147989921692121,2.59378337860107,0.639221668243408,0.200081020593643,0.718256950378418,0.0747700408101082,0.267572790384293,0.299534946680069
958,0.244486091030839,0.0815592881711028,0.000596585317358827,0.000596585317358827,0.00109294430140137,2.53408204685114,0.0935483481002394,0.0408303022223851,0.0158547606822887,4.17840909957886,0.933558702468872,0.12231158465147,0.263135761022568,0.0307227317243814,0.124743670225143,0.0686973184347153
959,0.834794029988337,0.170961931508161,0.0165544110437085,0.0165544110437085,0.030327681032074,3.79887323492682,0.0334486227276244,0.0954534545426003,0.0216730233326087,2.71103525161743,0.60990834236145,0.186872199177742,0.771308600902557,0.0723606422543526,0.139725893735886,0.245251774787903
960,0.725109774217839,0.144552748197541,0.00242250271673169,0.00242250271673169,0.00443802497705245,1.6760926804715,0.0806927623692677,0.0940025752682671,0.0286521584444721,3.72557210922241,0.658789753913879,0.138955786824226,0.263446122407913,0.0319352746009827,0.213378414511681,0.105374172329903
961,2.95528334174197,0.233298073044024,0.0411586278315304,0.0411586278315304,0.0754026061873636,3.53539438341686,0.0774113074998364,0.181895698874909,0.0405172598999395,3.20351815223694,0.614797651767731,0.157327309250832,0.400622606277466,0.0563317239284515,0.385021924972534,0.204463690519333
962,3.82337601728319,0.268592551931052,0.0546422308395096,0.0546422308395096,0.100104566897982,4.54615491833688,0.0489077686916399,0.0898944298927608,0.0199080614516159,3.53025150299072,0.708555996417999,0.14514946937561,0.653014004230499,0.0427656918764114,0.130968794226646,0.147254303097725
963,1.79226015748716,0.193572335676494,0.011756560532593,0.011756560532593,0.0215380188957104,1.83926400542229,0.0436463055517947,0.189127114671778,0.0129650286241214,3.59976077079773,0.688730418682098,0.143116444349289,0.753458857536316,0.0306241028010845,0.243460640311241,0.138144418597221
964,3.82087900245383,0.231816119577544,0.0687796924935576,0.0687796924935576,0.126004396648197,2.81543875201196,0.0906147995574533,0.293881237829085,0.0410148961879572,2.6883852481842,0.652534008026123,0.193445324897766,0.761303424835205,0.0700039863586426,0.151646420359612,0.292597860097885
965,0.148355160775765,0.0805140512548641,0.000931125602627312,0.000931125602627312,0.00170582210401324,4.97462654847114,0.0708784847036276,0.102485304352421,0.0354031420917972,3.45366811752319,0.604376196861267,0.148488312959671,0.412236034870148,0.0569170787930489,0.195006251335144,0.160563796758652
966,0.0503708480067702,0.0537222525774176,0.000586641021580949,0.000586641021580949,0.0010747263515363,2.68901777963417,0.072928325323944,0.159069463392365,0.0149324665920013,2.2184898853302,0.642099618911743,0.234902426600456,0.409817397594452,0.0871637687087059,0.188656598329544,0.279622256755829
967,2.64280838165247,0.202307558974688,0.036274543898155,0.036274543898155,0.06645496442142,3.12863351055058,0.0576014564610926,0.188027484717347,0.00794088041457676,2.7149167060852,0.635498642921448,0.185032621026039,0.85307788848877,0.0622113905847073,0.326850384473801,0.249367520213127
968,2.26239446556728,0.203613260354424,0.0138267238016507,0.0138267238016507,0.0253305580046241,2.43408757088836,0.0715616090724887,0.0491085685397587,0.0113412672318375,4.03908061981201,0.749322652816772,0.124294713139534,0.960257649421692,0.0299999993294477,0.174920484423637,0.075880378484726
969,0.287116137166822,0.106231597623473,0.00156618812997583,0.00156618812997583,0.00286925665411571,4.29762600459327,0.0772357817448767,0.0896112183274841,0.039359044207364,3.76431179046631,0.788297414779663,0.13381153345108,0.224492877721786,0.040504451841116,0.109812632203102,0.108913600444794
970,1.38089385442616,0.154374223228045,0.00907483643668198,0.00907483643668198,0.0166251003520014,3.39205794539561,0.0369178707933522,0.252434648958353,0.0212939596251995,3.15063452720642,0.645202100276947,0.161023736000061,0.308634757995605,0.0617826543748379,0.393990695476532,0.207927942276001
971,3.97397451953299,0.206328920278781,0.0707599724515349,0.0707599724515349,0.129632269531212,3.80075342209741,0.0903348470854616,0.129153787304547,0.0184949743040835,2.82915592193604,0.646228313446045,0.177011206746101,0.772133767604828,0.0615071952342987,0.178846210241318,0.210256934165955
972,2.22925944052977,0.205680011633215,0.0304297109734292,0.0304297109734292,0.0557472305033224,3.63285676739722,0.043318552123394,0.295386034036693,0.0463750571029505,2.74215602874756,0.640058100223541,0.184884190559387,0.526070773601532,0.0736923366785049,0.213854417204857,0.28614354133606
973,1.0308261772272,0.147686431035744,0.00400925998123254,0.00400925998123254,0.00734496428561801,1.97576015775455,0.0322949814377345,0.285225267126901,0.0265028460058089,3.47787857055664,0.618416845798492,0.14573946595192,0.616083443164825,0.04037169739604,0.107168860733509,0.160420939326286
974,0.777543740919351,0.13984638706277,0.00554457864195947,0.00554457864195947,0.0101576680720698,3.31213695956881,0.0800431532831861,0.121395450780156,0.0281813976668927,3.63021421432495,0.669221460819244,0.139759510755539,0.793971359729767,0.0371359214186668,0.129914805293083,0.132147327065468
975,0.21051835682146,0.0968004651695319,0.000801096151357262,0.000801096151357262,0.0014676081492865,3.32009161149071,0.0811293483320067,0.132399710097909,0.0344526869401018,3.9340193271637,0.69832456111908,0.128423109650612,0.368135452270508,0.0339613743126392,0.127005055546761,0.101589702069759
976,0.021481818503715,0.0470209145082587,0.000228952869784113,0.000228952869784113,0.000419441657444495,4.55332186285056,0.0647642756020134,0.253155757498509,0.0243376800362668,1.79053711891174,0.847198903560638,0.28005039691925,0.754983305931091,0.102461628615856,0.145921632647514,0.320771068334579
977,0.57808695150413,0.145346653526518,0.00656316060185443,0.00656316060185443,0.0120237102225973,4.56579667804809,0.0683591720217421,0.0479095139002926,0.0130627407302865,3.68189167976379,0.640893518924713,0.139860436320305,0.516711831092835,0.0299999993294477,0.282910853624344,0.115807138383389
978,0.0224131072019007,0.0422749041412029,3.77356441198396E-05,3.77356441198396E-05,6.91317000275462E-05,2.0849957834016,0.0709187289789554,0.148727657160787,0.0174894602082908,3.91450238227844,0.870936155319214,0.14820896089077,0.318208932876587,0.0315144881606102,0.127529248595238,0.123949140310287
979,0.137749908996779,0.0792339160442319,0.000323643661997363,0.000323643661997363,0.000592915188779169,1.50278722973521,0.0474128640620384,0.102678442008583,0.0360717776438177,3.03138375282288,0.652799487113953,0.172622203826904,0.389097034931183,0.0323132239282131,0.137105941772461,0.145002663135529
980,0.0914725984813609,0.0645000224561619,0.00016975973227942,0.00016975973227942,0.000310999829535898,2.21223552100587,0.060733578861739,0.116486889688083,0.0470585842208774,4.30127716064453,0.710822761058807,0.117138996720314,0.209993183612823,0.0337064452469349,0.1899124532938,0.0754747092723846
981,0.448151897332081,0.113589779147986,0.00385903159112314,0.00385903159112314,0.00706974587493759,1.67557165368863,0.0721403304541129,0.250732673649821,0.0446941656758262,2.48954558372498,0.790255844593048,0.207848191261291,0.31640437245369,0.0388287678360939,0.110081128776073,0.198565468192101
982,4.63583120314023,0.279505295030014,0.05441961922704,0.05441961922704,0.0996967424239373,2.04238327755586,0.0465297939899172,0.0539244630725831,0.0485300819624559,4.26166486740112,0.789545655250549,0.120261147618294,0.242380023002625,0.0310185663402081,0.157892987132072,0.0743083283305168
983,2.32959771760286,0.198945277366955,0.0423944277399879,0.0423944277399879,0.0776665916196578,3.41949928786533,0.0543218378734266,0.282115466767767,0.0284722172777503,2.45654606819153,0.600409686565399,0.205602556467056,0.767354667186737,0.0980003699660301,0.202949613332748,0.356697171926498
984,2.42926553699014,0.206189831145781,0.0329235800524487,0.0329235800524487,0.060315998656086,4.94735782804921,0.0840983354096273,0.123466207731803,0.013280862290986,3.11205387115479,0.638549864292145,0.162812799215317,0.499137163162231,0.0570275783538818,0.290010392665863,0.181106135249138
985,0.11048902531455,0.0826245725513093,0.000367758420996624,0.000367758420996624,0.000673733427265814,2.25694536788033,0.0542307074068272,0.0324740687991431,0.033260195672052,4.49278545379639,0.703494906425476,0.113804891705513,0.368673264980316,0.0309364162385464,0.109588041901588,0.0724776685237885
986,0.154626064796941,0.0763971827031602,0.000415526879099242,0.000415526879099242,0.000761245242509812,2.5724140838201,0.0350935373710874,0.0897806062033913,0.0376225538931202,4.17574214935303,0.765688836574554,0.120210789144039,0.514438271522522,0.0310252122581005,0.134297415614128,0.0889846682548523
987,3.73373431406126,0.228228299607461,0.0313858988111446,0.0313858988111446,0.0574989666220169,2.90237425786405,0.0504267636340719,0.191677235170238,0.0393398922852451,3.78485059738159,0.641659200191498,0.132882475852966,0.478007972240448,0.0478159599006176,0.136168703436852,0.141310691833496
988,0.666281070551963,0.146323823760555,0.00949190812175508,0.00949190812175508,0.0173891756790553,2.57573659859197,0.0984659040145415,0.136534461855113,0.039612676579299,2.95215916633606,0.707272231578827,0.176991313695908,0.244724527001381,0.0475944466888905,0.208150938153267,0.166603580117226
989,3.11803902820375,0.186346096338793,0.034930906410555,0.034930906410555,0.0639934205441367,4.61241226122584,0.0536102596219804,0.132970461067193,0.0385399643029959,3.20515584945679,0.744269251823425,0.158853784203529,0.907050311565399,0.0543320551514626,0.100000001490116,0.184962436556816
990,0.184855880822595,0.0801577299585385,0.00127882728637124,0.00127882728637124,0.00234281158863211,4.21588764497563,0.0468194486122995,0.0555651103068523,0.0305124616820031,3.52390742301941,0.649293601512909,0.142628714442253,0.530974209308624,0.0516647771000862,0.192955821752548,0.140228003263474
991,3.82996552860325,0.269046390365585,0.149087676149156,0.149087676149156,0.273128622705255,2.75320014120834,0.0848883958623425,0.163211979059721,0.0076273508586796,2.12700510025024,0.637323796749115,0.245845213532448,0.960770964622498,0.0589153319597244,0.467934310436249,0.352652072906494
992,0.195604110150573,0.0926069947480141,0.000993253288127,0.000993253288127,0.00181964002384866,4.682411134404,0.0604822065272553,0.0975251383412065,0.0324600094342049,3.32766914367676,0.883486866950989,0.151945516467094,0.374839544296265,0.0483005568385124,0.120588719844818,0.135571837425232
993,0.211247575268413,0.100802522705545,0.00211366318480321,0.00211366318480321,0.00387223095455948,4.72675208129903,0.0933716548639753,0.133369525969764,0.0355652749007688,2.96684646606445,0.631156444549561,0.173901364207268,0.780658006668091,0.0723183080554009,0.101866617798805,0.211450859904289
994,1.29472168790879,0.154771466953426,0.0347431033650722,0.0347431033650722,0.0636493653648122,2.96719727894019,0.0545918094464263,0.0333276603444103,0.0190775863177955,2.85683131217957,0.779710352420807,0.194746762514114,0.670217633247376,0.0410011000931263,0.359727621078491,0.174163267016411
995,0.141540317565413,0.0662686729752234,0.00100929781288116,0.00100929781288116,0.00184903359319829,4.77451189026549,0.0398619057089681,0.0718594828102788,0.0490521529805182,3.16351199150085,0.607935070991516,0.161000221967697,0.269926726818085,0.0677878931164742,0.268035978078842,0.176080793142319
996,1.49103192545883,0.183397858392734,0.017198496330874,0.017198496330874,0.0315076452781612,3.82200165228256,0.0586100943299377,0.151567606958267,0.0420402136323026,3.08482336997986,0.65078741312027,0.162296265363693,0.372823238372803,0.0681836903095245,0.17384660243988,0.182727485895157
997,1.39282621992732,0.168456855735035,0.0199388891160776,0.0199388891160776,0.0365280448606541,2.01461209069955,0.0625634589986091,0.190572240074814,0.0138862194646789,2.73726987838745,0.639690399169922,0.185342222452164,0.574258983135223,0.0454378426074982,0.343126535415649,0.228603094816208
998,0.739987597828336,0.138377675563471,0.00293369733292617,0.00293369733292617,0.00537453351392075,2.23946197839965,0.0904168109853979,0.0993459303833829,0.0243867889083884,3.8170223236084,0.753125429153442,0.131291940808296,0.274595022201538,0.0306508708745241,0.100000001490116,0.0802105814218521
999,0.257559281830184,0.083625627570771,0.000647476635259009,0.000647476635259009,0.0011861771957945,2.46297266349432,0.0555566008633648,0.16470752386002,0.0121491939150114,4.13670110702515,0.768801331520081,0.121546991169453,0.645067632198334,0.0395310595631599,0.109190121293068,0.102156803011894
1000,1.3133386416853,0.148621949751382,0.00774310962535035,0.00774310962535035,0.0141853768336418,2.84902529516011,0.042697008056895,0.0386046832190796,0.0383819854778719,4.5,0.816541373729706,0.112361826002598,0.202562391757965,0.0299999993294477,0.125245362520218,0.0679787993431091
1001,3.00742836329009,0.213895660038164,0.0584136210036643,0.0584136210036643,0.107013753678713,4.34750439932455,0.0989914833428141,0.233947746560926,0.039708030475002,2.75649571418762,0.615318119525909,0.183072999119759,0.429073125123978,0.0857850983738899,0.220346182584763,0.293164879083633
1002,0.674981720340668,0.141095919982863,0.00622097567845273,0.00622097567845273,0.0113968274429254,2.31367695463519,0.0362008232640386,0.237719610015758,0.0360623448916048,2.81111550331116,0.651146411895752,0.180975705385208,0.585455775260925,0.0735034421086311,0.201644957065582,0.242129847407341
1003,1.20051717433811,0.148572424959456,0.00624666291067865,0.00624666291067865,0.0114438864523633,2.60650438366428,0.0847043685657115,0.0826103884577807,0.00607633695875847,4.02564334869385,0.712644755840302,0.12523640692234,0.71339762210846,0.0299999993294477,0.279288023710251,0.081066757440567
1004,0.346893718494526,0.105406553994116,0.0016430642806343,0.0016430642806343,0.00301009376212205,2.2924341150245,0.0926810700413879,0.239709229437338,0.0335735895660072,3.30407476425171,0.707822382450104,0.152256727218628,0.230010136961937,0.0464991256594658,0.168719723820686,0.150714099407196
1005,2.60678964789563,0.227591685984843,0.0490425519063459,0.0490425519063459,0.0898459550924258,4.88547248065993,0.0706320501786164,0.199052913816997,0.0208376756069749,2.62316656112671,0.604291915893555,0.192118495702744,0.777424514293671,0.0817212164402008,0.228592664003372,0.28618973493576
1006,1.79644526813012,0.184383244826729,0.00958439278076145,0.00958439278076145,0.017558607574355,2.4603645899084,0.0439453399400016,0.0334376101424139,0.0133567132766643,4.37518310546875,0.700800478458405,0.114769041538239,0.261623978614807,0.0310088619589806,0.156899929046631,0.0677027925848961
1007,0.219676371867709,0.0877831582961547,0.000680503760882697,0.000680503760882697,0.0012466828899371,2.4335482865237,0.0578468850011594,0.098507867205631,0.0421000595157705,4.04781579971314,0.734023690223694,0.124665610492229,0.300382971763611,0.0315214060246944,0.263741046190262,0.083989217877388
1008,2.44368592444418,0.204126446244087,0.0224645088079468,0.0224645088079468,0.0411549801361586,2.94687846649255,0.0703343792383806,0.269499123659838,0.027720857934393,3.06327080726624,0.627150595188141,0.165953993797302,0.639992296695709,0.0581977963447571,0.290818899869919,0.215825080871582
1009,4.49726242676061,0.237618068329162,0.0668650253249361,0.0668650253249361,0.122496726395283,4.59767854327523,0.0609650968187066,0.277693622400111,0.0366055808392441,2.73569679260254,0.642344236373901,0.18564347922802,0.507627069950104,0.0771109312772751,0.233565181493759,0.267405241727829
1010,2.41268720677212,0.206095513064127,0.0204527068240709,0.0204527068240709,0.0374693589016979,2.98028104458226,0.0343927424828654,0.280119285037371,0.0474389799934451,3.11707735061645,0.604780673980713,0.161864653229713,0.22049018740654,0.0783416107296944,0.178139880299568,0.20217028260231
1011,0.958636158659407,0.139940111422343,0.0118297224188035,0.0118297224188035,0.0216720514712481,4.97606990300667,0.0881877572064286,0.076687202930206,0.0179318218073488,3.43931436538696,0.60837197303772,0.150882795453072,0.599330425262451,0.0558319203555584,0.107490889728069,0.154763013124466
1012,2.07654092933479,0.213641405616376,0.0111289027616597,0.0111289027616597,0.0203881498593605,1.83393152781607,0.072628815380567,0.278179164189914,0.0116113574524363,3.39450311660767,0.747156798839569,0.151801437139511,0.872277140617371,0.0299999993294477,0.434475988149643,0.139718383550644
1013,0.192226132465956,0.0898612331801375,0.000864325254166181,0.000864325254166181,0.00158344386563244,3.14856991704035,0.0768398360006693,0.138840649925859,0.0190120314981973,3.63340258598328,0.634471952915192,0.140860959887505,0.283657133579254,0.0414250046014786,0.101267464458942,0.127389177680016
1014,1.42496446501788,0.149787647881159,0.00876962933387445,0.00876962933387445,0.016065960939658,3.26987292564099,0.0750510814634343,0.076276393582555,0.0372916545972043,4.0022931098938,0.704498648643494,0.127092987298965,0.653354823589325,0.0299999993294477,0.207477927207947,0.0895629748702049
1015,3.61954093799995,0.231496178575779,0.0188751049765588,0.0188751049765588,0.0345791923170556,1.7986300578446,0.0692632792802557,0.0673014617042924,0.0115406105472332,3.92765593528748,0.762035250663757,0.128703132271767,0.443090975284576,0.0299999993294477,0.493241876363754,0.086767703294754
1016,0.0938646510785663,0.0711150318852943,0.00036364890436243,0.00036364890436243,0.000666204792791972,3.19739577783458,0.0432696023044573,0.180371259866395,0.0187318006861207,3.42347145080566,0.703270375728607,0.154992878437042,0.348786234855652,0.0666697099804878,0.195638090372086,0.156947657465935
1017,0.367255458719483,0.112960520247056,0.00179337304123309,0.00179337304123309,0.00328545941153902,2.49632502192563,0.0977519838907969,0.180833743227197,0.0429445887514715,3.80655598640442,0.606388688087463,0.131591975688934,0.43047022819519,0.0363140664994717,0.11978779733181,0.116542302072048
1018,0.817901997032612,0.124343384265062,0.00421938390067207,0.00421938390067207,0.00772991130603123,1.923272581706,0.0892677318230178,0.290308752643321,0.0329795093584165,3.09438443183899,0.648907482624054,0.162692844867706,0.217052832245827,0.0441301390528679,0.166662931442261,0.164931446313858
1019,0.0687049398812247,0.0715423369751359,0.000367886740981482,0.000367886740981482,0.000673968509478075,3.52162624724817,0.0371792914418807,0.231279777439935,0.0107785562552275,2.71139764785767,0.623538732528687,0.185406282544136,0.455463767051697,0.0763805732131004,0.19173963367939,0.221562191843986
1020,0.189469983867858,0.0978914411171479,0.00112200972601645,0.00112200972601645,0.00205552181806213,2.50977491855361,0.0360300574295113,0.0414184876471934,0.0374140665278425,4.4122576713562,0.624867737293243,0.114141471683979,0.395212292671204,0.0307367779314518,0.14385025203228,0.080136239528656
1021,3.21385021002434,0.237210114170914,0.0307005460209359,0.0307005460209359,0.0562434003103546,3.4146072756194,0.0546198594736431,0.052509699234242,0.0398134800115992,4.47954702377319,0.636161506175995,0.111929081380367,0.864007592201233,0.0303780231624842,0.105089910328388,0.0767044052481651
1022,0.0761271153686444,0.0640541095561299,0.000296807086676457,0.000296807086676457,0.000543750582791269,4.89842310239549,0.0526494218309567,0.238943559535144,0.0474577084469382,2.91929626464844,0.74290531873703,0.173820197582245,0.261363625526428,0.0688994973897934,0.119434520602226,0.185546785593033
1023,1.4243167833879,0.157427687445412,0.0121273755284046,0.0121273755284046,0.0222173519680372,4.41470458279699,0.0347081515574008,0.104293119367432,0.0129844212765773,3.59697604179382,0.635449826717377,0.144526436924934,0.782094240188599,0.0495941266417503,0.156118229031563,0.150516152381897
1024,0.528373417583788,0.125972532306345,0.00282226754071895,0.00282226754071895,0.00517039413459711,2.58463682501059,0.0412516592700549,0.28292969265883,0.0343086903744553,3.2545428276062,0.633356273174286,0.155027836561203,0.29295489192009,0.0617008246481419,0.137933045625687,0.19148376584053
1025,3.33202305056323,0.286614358273155,0.0397353030468018,0.0397353030468018,0.0727950751817408,1.78857063153507,0.0794337910703049,0.0742006334499534,0.0336836458672814,3.77886247634888,0.631211638450623,0.135163351893425,0.954161465167999,0.0364043265581131,0.126977935433388,0.126815468072891
1026,0.240083662707692,0.0880210963462189,0.00162251424862249,0.00162251424862249,0.0029724461034764,2.64854878050483,0.0692117910903532,0.260915807509448,0.0287256798130587,2.59012222290039,0.70020717382431,0.196219623088837,0.296092510223389,0.071736179292202,0.188310354948044,0.265907019376755
1027,0.801679551025873,0.140772314167529,0.0245193782192111,0.0245193782192111,0.0449195008975947,2.1966326799832,0.0805923427464203,0.0957610302869534,0.0175046307719618,1.96876311302185,0.931050837039948,0.269402474164963,0.700703084468842,0.0628466755151749,0.265368491411209,0.262242197990417
1028,0.830857750220399,0.160381471305898,0.00573346694545498,0.00573346694545498,0.0105037114440735,3.17937857135245,0.0949637963905461,0.222491784449483,0.0178775805661567,3.53822493553162,0.656225204467773,0.143916010856628,0.481825202703476,0.0463677495718002,0.250378847122192,0.167745918035507
1029,1.37095291376561,0.159125654799437,0.104728343519093,0.104728343519093,0.191862325326979,4.05704826058926,0.0950803152061147,0.0406293441403641,0.0320033194769052,1.78123605251312,0.757804989814758,0.294286966323853,0.725510597229004,0.0779861435294151,0.482114613056183,0.356012284755707
1030,1.51791895682083,0.144722441175724,0.00825169459506888,0.00825169459506888,0.0151171044981662,2.01541315795054,0.0609635551296228,0.246951807156489,0.00522108423379138,3.04890251159668,0.749565899372101,0.165695756673813,0.942401587963104,0.0394375510513782,0.198331281542778,0.177367672324181
1031,1.34125613699222,0.161133902228864,0.0113754916664363,0.0113754916664363,0.0208399007329113,3.41868597959204,0.0895579828193688,0.0962618006691596,0.0122657997299751,4.14685821533203,0.606548368930817,0.123428247869015,0.903780996799469,0.0322449989616871,0.185778871178627,0.107830934226513
1032,0.482759723893377,0.130208272046007,0.00342146078783579,0.00342146078783579,0.00626811616331517,4.22083073579817,0.0948253379617816,0.0452388642858882,0.0380385986012694,4.25289106369019,0.748137772083283,0.118063494563103,0.42944073677063,0.0315436720848083,0.112455889582634,0.0715443566441536
1033,0.993085598477137,0.183633019826805,0.0191080055028097,0.0191080055028097,0.0350058660811474,4.44088009697843,0.0511235197312925,0.102961552666331,0.00759025103262568,2.56235027313232,0.624089002609253,0.199319884181023,0.996990919113159,0.0692913234233856,0.225122138857841,0.262981951236725
1034,0.317992370821806,0.104488903216019,0.00282060542151514,0.00282060542151514,0.00516734913221574,3.52630088835049,0.0381938778284588,0.28574414034806,0.0365534785334322,2.68520736694336,0.621640682220459,0.191396534442902,0.460586875677109,0.0862084925174713,0.12325894087553,0.305173516273499
1035,2.29077127722973,0.178299090261864,0.0285527025960545,0.0285527025960545,0.0523085511559719,4.44491825355192,0.0802655422548961,0.203264958875767,0.0289039460762165,2.86637425422668,0.617373764514923,0.179619207978249,0.439810484647751,0.073964461684227,0.441714882850647,0.242102831602097
1036,1.17989041709457,0.162537951220477,0.00647541917041809,0.00647541917041809,0.0118629679202059,1.98627413743331,0.0819415749000276,0.271410591940899,0.0406768375219505,3.47431516647339,0.62110435962677,0.145072773098946,0.439212769269943,0.0402153730392456,0.104187920689583,0.137378230690956
1037,0.8333558522168,0.146232132227386,0.00806888336340749,0.00806888336340749,0.0147821943217625,3.01155296010844,0.0723229859080187,0.250314271972822,0.023198853728663,2.7942750453949,0.6243856549263,0.18020336329937,0.328250139951706,0.0667708963155746,0.219602286815643,0.244132071733475
1038,0.719717188427884,0.134661442570875,0.00436946336291801,0.00436946336291801,0.00800485688086579,1.94158450852302,0.0575578735994144,0.0824670838625975,0.00512132795323133,3.51005959510803,0.859563708305359,0.143220514059067,0.751617610454559,0.0299999993294477,0.268630295991898,0.100360706448555
1039,0.49214782675837,0.114987180605425,0.00236540220447463,0.00236540220447463,0.00433341683859752,2.58974222838453,0.0895427926325178,0.038662885329423,0.0146510775105166,4.12316513061523,0.796272397041321,0.126063376665115,0.387213170528412,0.0333261825144291,0.133040547370911,0.0802939385175705
1040,0.655322838216539,0.13467333838119,0.0132087170767663,0.0132087170767663,0.0241983696846359,3.33569720059435,0.0744298578732833,0.0740707960823353,0.0396496679118717,2.93254804611206,0.650494337081909,0.17767371237278,0.376818597316742,0.0466217771172524,0.245185226202011,0.193798527121544
1041,1.75728985584335,0.186365524836032,0.0391688891437978,0.0391688891437978,0.0717574049114376,3.93162810260421,0.0875651184248618,0.166696845791834,0.0431048086838288,2.57500839233398,0.618789494037628,0.198379814624786,0.728155493736267,0.0836889296770096,0.275375425815582,0.29894146323204
1042,3.68655108477357,0.257752850461443,0.0228792354264981,0.0228792354264981,0.0419147593013446,1.74241014600216,0.0872161790284411,0.103931616292395,0.00813931254403306,3.40274930000305,0.694743037223816,0.150807842612267,0.361754983663559,0.0316821895539761,0.484216570854187,0.117025971412659
1043,0.275640071473444,0.0935556307178242,0.0015020097380858,0.0015020097380858,0.00275168184017318,2.15286676895697,0.0303942880706393,0.125153930921975,0.0277628338467629,3.70481872558594,0.611851930618286,0.136216044425964,0.34966179728508,0.0516320131719112,0.109294570982456,0.137068018317223
1044,0.834161890888099,0.147534347997657,0.0126958588150744,0.0126958588150744,0.0232588133492163,3.27633659763616,0.0429303437931795,0.214873942992227,0.0233888692595568,2.43654227256775,0.661521911621094,0.207874938845634,0.453988790512085,0.0864419117569923,0.244849607348442,0.336325019598007
1045,0.100778405365186,0.0663984999232811,0.000562910768860008,0.000562910768860008,0.00103125252855153,4.35713508583492,0.0995080482273331,0.0907613333374176,0.0230470349409017,3.18441319465637,0.75861120223999,0.158975645899773,0.257326483726501,0.0425745993852615,0.125245109200478,0.13033065199852
1046,0.0248822489060527,0.0422602918518667,5.91023843064483E-05,5.91023843064483E-05,0.000108275568049413,3.84259504413135,0.0800230763382097,0.257119845956739,0.0429412021111585,3.01723408699036,0.881416261196137,0.168711423873901,0.349837929010391,0.0504450798034668,0.12555718421936,0.144006252288818
1047,0.439182359620712,0.127607186029828,0.00303029231508484,0.00303029231508484,0.00555149552123543,3.93818296294984,0.0315804678949575,0.175559319919252,0.038508692826807,3.50371360778809,0.608385562896729,0.144880428910255,0.30305552482605,0.062080729752779,0.148480147123337,0.169812127947807
1048,1.06144103933632,0.156544551407674,0.00625200221110568,0.00625200221110568,0.0114536680507456,2.1267124933601,0.0321964257246894,0.211128451212863,0.0154690750641564,3.37690114974976,0.641775548458099,0.148952394723892,0.837565302848816,0.0466756783425808,0.297086775302887,0.168088376522064
1049,0.411726990930996,0.103597071107863,0.00293876690048961,0.00293876690048961,0.00538382096169697,3.04501517273875,0.0418931897315355,0.151015610629094,0.011922063674205,2.93748354911804,0.662583649158478,0.173469543457031,0.46402233839035,0.0646845921874046,0.23897896707058,0.205305576324463
1050,1.45129426093565,0.195992207435325,0.0153757109337196,0.0153757109337196,0.0281683024305742,1.60663601704033,0.0422261432711831,0.228606329707347,0.0473483820664846,2.76305294036865,0.765121519565582,0.181487917900085,0.857849657535553,0.0394969023764133,0.106832377612591,0.188299626111984
1051,1.2378743641728,0.159835042622801,0.0206876950371451,0.0206876950371451,0.0378998573080498,3.67643215818127,0.0403694909302248,0.215478070358287,0.0201059991985549,2.35383415222168,0.629103600978851,0.212408840656281,0.600725471973419,0.0886705666780472,0.463846117258072,0.35120901465416
1052,0.835314325163452,0.148511565122705,0.00652559285402271,0.00652559285402271,0.0119548861085696,2.76871367262027,0.0939750580854872,0.25148929213755,0.0276276181256062,3.14197993278503,0.655787348747253,0.160612255334854,0.351176142692566,0.0593768022954464,0.176990255713463,0.196869313716888
1053,3.99458360815927,0.204033005930557,0.0228801391240601,0.0228801391240601,0.0419164148752781,2.400520269579,0.066572612289356,0.249195617657026,0.00549764950273772,3.49356555938721,0.610822379589081,0.144666448235512,0.741093575954437,0.0441584549844265,0.290826588869095,0.160052269697189
1054,0.0244326236659424,0.0453766159656075,0.0000467410776929,0.0000467410776929,8.56296543333927E-05,1.87574669589138,0.0373868496567394,0.16472880775938,0.0278311116362884,3.48605275154114,0.894328951835632,0.147401764988899,0.216289520263672,0.0303766783326864,0.214425250887871,0.120339825749397
1055,4.84789453934556,0.229396552339418,0.0285201485849786,0.0285201485849786,0.0522489122076808,1.55706075970921,0.0337841278603176,0.253821269090657,0.0434493276200644,3.34315013885498,0.607822358608246,0.152738451957703,0.403595387935638,0.0299999993294477,0.440828800201416,0.158960461616516
1056,0.328356816966414,0.0908641230965374,0.00574685938486136,0.00574685938486136,0.010528246393066,3.1873771436615,0.0821218739211872,0.0505584422429461,0.0275918147427599,2.71690773963928,0.707800686359406,0.191230952739716,0.391468167304993,0.0587608776986599,0.173493564128876,0.19182887673378
1057,2.21762865552043,0.195194802974727,0.0283032792944461,0.0283032792944461,0.0518516076674252,2.08181119948316,0.0642151655361265,0.173333377321345,0.00775469403392944,2.78630113601685,0.752203166484833,0.180716216564178,0.805160224437714,0.0392721258103848,0.327914506196976,0.187341898679733
1058,1.41103040327257,0.154668350027758,0.0240399104360594,0.0240399104360594,0.0440411159188609,2.48795954558039,0.0595085072344908,0.0878336585714341,0.0311977157717813,3.06096625328064,0.660821974277496,0.168847635388374,0.747745275497437,0.0405847728252411,0.101538226008415,0.153821378946304
1059,3.13746836336286,0.242836287833118,0.04512451197452,0.04512451197452,0.0826681059373206,4.92852376387831,0.0677254230214106,0.0847412020646722,0.0197686274455766,3.4958381652832,0.606508553028107,0.146080359816551,0.596977651119232,0.0440537258982658,0.300420105457306,0.149378404021263
1060,0.0260258170009806,0.0471749386424262,3.61594245956435E-05,3.61594245956435E-05,6.62440658592189E-05,2.15252068943411,0.0925008174907652,0.220632105728341,0.0201627937302726,3.93615317344666,0.675476551055908,0.134792417287827,0.51929235458374,0.0323377922177315,0.192069917917252,0.124790094792843
1061,0.0496679612233566,0.0483488447611049,0.000118285529742758,0.000118285529742758,0.000216699090488732,3.79280304872088,0.0449419333629452,0.103915207343174,0.036967377381535,3.93441700935364,0.775283873081207,0.127540767192841,0.222679689526558,0.0455855578184128,0.113743893802166,0.0930824801325798
1062,0.401504742352513,0.121545085302938,0.0139482870269819,0.0139482870269819,0.0255532618334308,4.41282676144158,0.0889992406628807,0.0497452291717157,0.0111171964384427,1.94002270698547,0.813692212104797,0.261760264635086,0.864919900894165,0.0439834147691727,0.456327974796295,0.259999722242355
1063,1.13966618355252,0.163989354592682,0.0108063545875008,0.0108063545875008,0.0197972416043015,1.74187552925168,0.0495693092859629,0.280247645765551,0.0352894650462025,2.81438088417053,0.690758168697357,0.184907793998718,0.494287997484207,0.0525310039520264,0.12088531255722,0.224548503756523
1064,4.65166854103664,0.254114464726616,0.0465636516752561,0.0465636516752561,0.0853046098690693,2.54539408323232,0.0454436472332622,0.0981911446584078,0.0459728088333186,4.26140880584717,0.735390722751617,0.120248526334763,0.362422585487366,0.034632857888937,0.135120049118996,0.0967528820037842
1065,0.657887440497192,0.125082757949258,0.00529118656120718,0.00529118656120718,0.00969345378013155,3.57422957391281,0.0929310929838397,0.134922647831382,0.0174186174652223,3.48900938034058,0.640850186347961,0.146539688110352,0.439886748790741,0.0489054098725319,0.11136032640934,0.154955387115479
1066,0.229724691354299,0.090613611684517,0.00101027645295055,0.00101027645295055,0.00185082646180542,3.65875568805666,0.06762254268497,0.102378539218144,0.0432929863434307,3.93830633163452,0.69899445772171,0.126957446336746,0.20363262295723,0.049066960811615,0.197708860039711,0.108996711671352
1067,3.74852208448924,0.222387485152438,0.100225117659804,0.100225117659804,0.183612415552761,4.7544457940714,0.0689362199851739,0.219157164985262,0.0401039774211879,2.40837216377258,0.628296613693237,0.213441580533981,0.965242385864258,0.0970748215913773,0.140867218375206,0.376966893672943
1068,2.31711417587086,0.219149094870292,0.027547716866189,0.027547716866189,0.0504674172988582,3.72895514053352,0.0847184549393097,0.273290308545909,0.00974228831748058,2.4929986000061,0.684156894683838,0.200850188732147,0.886197745800018,0.0656115338206291,0.275056034326553,0.293584197759628
1069,0.124426935573708,0.0797329669542631,0.000721888852441203,0.000721888852441203,0.00132250037767228,2.94920176596221,0.037266723154109,0.141676846795305,0.0130884688073985,3.03136014938354,0.68064147233963,0.167560502886772,0.4999840259552,0.0587339624762535,0.14896796643734,0.18295955657959
1070,4.31849534857212,0.213612764409857,0.0251709788990937,0.0251709788990937,0.0461132333431396,1.65075010489019,0.0593983385894745,0.21810976462236,0.0272415358606383,3.43439698219299,0.671839535236359,0.147924900054932,0.344206243753433,0.0320998169481754,0.214205831289291,0.119956970214844
1071,0.259281838241825,0.0992470352651857,0.00163990725155022,0.00163990725155022,0.00300431008484001,3.59765089444169,0.0977671818020267,0.155470181315069,0.0257389316239928,3.47625780105591,0.600151479244232,0.144174918532372,0.986922860145569,0.052717786282301,0.125669181346893,0.163782104849815
1072,0.626321329596551,0.124936475162777,0.00525622260184651,0.00525622260184651,0.00962939980658281,4.07723450890611,0.0926703420179191,0.144488028373206,0.0177374209066114,3.39111685752869,0.624161839485168,0.148390620946884,0.542309105396271,0.0517250336706638,0.188751816749573,0.1772391051054
1073,1.16866986284537,0.166416005345001,0.0102399213296211,0.0102399213296211,0.0187595358758659,4.24232784675283,0.0687735723156023,0.0583707745768929,0.0344727285879886,4.04689455032349,0.753215909004211,0.125463470816612,0.381114482879639,0.0321238078176975,0.394458770751953,0.100109443068504
1074,0.746400738945762,0.137558161931468,0.00311909059115219,0.00311909059115219,0.00571417396299081,2.39827587825346,0.0520898075935497,0.217683143941194,0.0176391465601928,3.59246349334717,0.754699528217316,0.140642032027245,0.466184824705124,0.0429711639881134,0.121724233031273,0.138116210699081
1075,0.604931232863485,0.131307780328286,0.00293425454083825,0.00293425454083825,0.00537555431881568,2.87578808302677,0.0598901207408332,0.0930977135903388,0.047216586979498,4.35023021697998,0.663175046443939,0.115893088281155,0.859149098396301,0.0299999993294477,0.125501841306686,0.0867888480424881
1076,0.169780968520767,0.0793043212444195,0.00254382764656687,0.00254382764656687,0.0046602922485105,4.00368036285481,0.0617634772587223,0.159360987707291,0.0462467247027997,2.21025896072388,0.663748860359192,0.226930171251297,0.360666781663895,0.106776274740696,0.224722847342491,0.372820377349854
1077,3.89258893629232,0.248909606193205,0.14319168733866,0.14319168733866,0.262327171204425,3.15783113168069,0.0800882363061156,0.156364885689051,0.0216439682618718,2.31045961380005,0.637245178222656,0.224150866270065,0.685600996017456,0.0816056951880455,0.37785941362381,0.329067200422287
1078,2.02140800315771,0.187228660775976,0.0520626216015516,0.0520626216015516,0.0953787227740426,3.29907766341875,0.0580773898885359,0.0690411471264174,0.00946760699009971,2.70345592498779,0.632531404495239,0.18764765560627,0.914287030696869,0.0532443001866341,0.444074809551239,0.228338450193405
1079,1.46894699098264,0.166521299530532,0.0735778724024107,0.0735778724024107,0.134794662241216,3.75523394545315,0.0431479683931148,0.050412388441007,0.0356001514083261,1.91519570350647,0.664075076580048,0.263181984424591,0.807515919208527,0.103251323103905,0.31666761636734,0.391155213117599
1080,0.215809803861088,0.0879921711727199,0.00153646885689263,0.00153646885689263,0.00281481094582729,2.64400493674138,0.0746640583794797,0.238582774897792,0.0125913973302237,2.73222637176514,0.64228892326355,0.188112854957581,0.679514884948731,0.0679924637079239,0.274095743894577,0.259103119373322
1081,0.0553050956591969,0.0562315916242023,0.000123314423548605,0.000123314423548605,0.000225912023941045,3.42748478481468,0.032008928547242,0.108548565439409,0.0197141298973518,4.34360027313232,0.645439445972443,0.116714723408222,0.313238173723221,0.0366353020071983,0.165201470255852,0.0888318866491318
1082,0.130176273671654,0.0694771340386004,0.000689381046589091,0.000689381046589091,0.00126294607735122,2.89014265518316,0.0968326359494034,0.231927420581484,0.0120272007293689,2.96010303497314,0.645816266536713,0.171225383877754,0.492049962282181,0.0592522993683815,0.206390470266342,0.206712767481804
1083,2.24554512363968,0.202346686828779,0.0133725716360772,0.0133725716360772,0.0244985512372935,2.32357794741667,0.0824499836631936,0.086568102602786,0.0320478879610883,4.45970726013184,0.702394962310791,0.114352412521839,0.576768338680267,0.0300201997160912,0.119151376187801,0.0691663026809692
1084,0.88020964700019,0.154021213584432,0.0193857693938752,0.0193857693938752,0.0355147295295794,2.84480128761205,0.0641946612196802,0.121996724529915,0.0407083399910558,2.57092452049255,0.649855494499207,0.197993636131287,0.35597026348114,0.0727500841021538,0.233589261770248,0.264261066913605
1085,2.09064226254153,0.218166210118252,0.0630694843017353,0.0630694843017353,0.115543295240779,2.05508469239199,0.0875943043088477,0.155048191888219,0.00781687421871962,2.16966938972473,0.806057095527649,0.249442800879478,1,0.0400959178805351,0.295859843492508,0.237360462546349
1086,3.67443650727138,0.23090193311333,0.0323179843063211,0.0323179843063211,0.0592065472491802,3.01292071089727,0.0622015355507505,0.126267203969891,0.0347870891730123,4.35679388046265,0.629663288593292,0.117322571575642,0.44169694185257,0.04440538585186,0.102778673171997,0.107998661696911
1087,0.0250687872937159,0.0404939702218477,3.37812605560732E-05,3.37812605560732E-05,6.1887269338726E-05,2.52081862414934,0.0564589015397855,0.069473183314759,0.0359138199760462,4.35474634170532,0.735980808734894,0.11904563754797,0.890267074108124,0.0319247953593731,0.100000001490116,0.0905779227614403
1088,0.546215344385713,0.136827120030821,0.00235400677764926,0.00235400677764926,0.00431254041665344,1.66308956846431,0.0835880758726854,0.27937530514933,0.0447328270727712,2.9263334274292,0.833430409431458,0.172318145632744,0.66236138343811,0.0299999993294477,0.114296793937683,0.143799647688866
1089,0.959619295112812,0.157767551826401,0.0116252242006292,0.0116252242006292,0.0212974107355528,3.91282347152893,0.0507859365101396,0.152086649160841,0.00979753323326466,2.74532699584961,0.616451859474182,0.184783309698105,0.959542870521545,0.0679548531770706,0.333623081445694,0.238484799861908
1090,0.0411259671743787,0.0458375854889781,0.000415759937862542,0.000415759937862542,0.000761672206164176,4.70395038027366,0.0331080411979714,0.0749301583240807,0.0198333186964681,2.40054559707642,0.646929740905762,0.209699809551239,0.240745574235916,0.0931347012519836,0.321399956941605,0.246310040354729
1091,4.05816033419821,0.263500720789525,0.0659993114557091,0.0659993114557091,0.120910738586859,4.80995316323578,0.0537880823150883,0.245859912567343,0.0497998370869548,2.7513267993927,0.611688613891602,0.18217271566391,0.251780301332474,0.0779187902808189,0.391624093055725,0.256429731845856
1092,0.119256912960971,0.0745786905794584,0.000538954172034341,0.000538954172034341,0.000987364043166913,4.4078064662209,0.0683052590234173,0.212592893453322,0.0249472281327017,3.10262489318848,0.625043630599976,0.164153292775154,0.334629505872726,0.0689482614398003,0.107036203145981,0.189522951841354
1093,0.168787546836779,0.0815356814248094,0.000933433726702054,0.000933433726702054,0.00171005058731816,4.30766849561307,0.0787701309436724,0.248777138265686,0.0344137882191525,3.11166620254517,0.600000023841858,0.164276480674744,0.655896842479706,0.0722476169466972,0.13703191280365,0.22515282034874
1094,0.161777509796668,0.0752413994299813,0.00047558715721608,0.00047558715721608,0.000871275672019858,2.90330164426185,0.0977442240609537,0.1276755984579,0.035371505280999,4.01770067214966,0.700450956821442,0.128105834126472,0.591554403305054,0.0348072089254856,0.108839347958565,0.0917910784482956
1095,1.74157617078891,0.191344360387258,0.00867902391458103,0.00867902391458103,0.0158999718115124,1.84916568152928,0.0615375480091266,0.29094768049505,0.0177278345731571,3.40664863586426,0.691767871379852,0.146805718541145,0.864248275756836,0.0367831364274025,0.133523434400558,0.144569501280785
1096,0.191544995516718,0.0897683073009219,0.00119220999942176,0.00119220999942176,0.00218412871894067,2.94630449737776,0.0545652573887237,0.162937205275872,0.0122552165459254,3.01813745498657,0.681774497032166,0.171973720192909,0.492577910423279,0.0640535205602646,0.288375794887543,0.194065093994141
1097,1.80993560041678,0.196163208286145,0.0231724014438014,0.0231724014438014,0.0424518394450442,4.83356976168088,0.0453629030089445,0.107147026791233,0.00555468966940858,3.10091519355774,0.600077092647553,0.165927171707153,1,0.0522885657846928,0.26026177406311,0.191719889640808
1098,1.36247478687025,0.142137815473004,0.00669879972828718,0.00669879972828718,0.0122722011022221,1.75817547336808,0.0827932321665699,0.0445029043455883,0.0153151727554652,3.35517120361328,0.81748241186142,0.169065251946449,0.394654721021652,0.0309957694262266,0.221722975373268,0.123646065592766
1099,0.695004066168414,0.11221666758896,0.00696616814482184,0.00696616814482184,0.0127620200413136,2.55363114394911,0.0769901197780041,0.140178198310817,0.00662621199828678,2.83624291419983,0.615383923053741,0.176987707614899,0.78659862279892,0.0437973961234093,0.300945281982422,0.198299810290337
1100,3.07761292292538,0.227866026321635,0.0840076930357867,0.0840076930357867,0.153902093641561,4.87271259470653,0.0849701772936178,0.130062891068588,0.015710709708512,2.5017147064209,0.629288136959076,0.200422540307045,0.841204583644867,0.0798299312591553,0.277622431516647,0.292167782783508
1101,4.92575034169966,0.25665535837968,0.0291342516652018,0.0291342516652018,0.0533739490506497,1.78449594585674,0.0639755347754976,0.239830640758725,0.0270379813587319,3.60277128219604,0.628544390201569,0.141314134001732,0.731184244155884,0.0318013094365597,0.103534169495106,0.118742734193802
1102,4.33562207648575,0.246019466699177,0.086600918269927,0.086600918269927,0.158652882270506,3.92805380276453,0.0713231573936847,0.211014836262976,0.0214655363379487,2.57718992233276,0.639129877090454,0.198533058166504,0.586980879306793,0.0730980783700943,0.365634769201279,0.291074931621552
1103,1.13380693976683,0.16186115105571,0.00640144822137718,0.00640144822137718,0.011727453141563,2.15108668289191,0.0939557932422817,0.0957028554168168,0.0403965061094127,3.93514227867126,0.792942821979523,0.128436863422394,0.289901822805405,0.0311988517642021,0.189136236906052,0.0901533961296082
1104,0.29926916270088,0.0961251574595307,0.00242171177811513,0.00242171177811513,0.00443657597750692,4.93466719464187,0.0730587325096464,0.246564369112811,0.0205760744054265,2.45964360237122,0.68264251947403,0.203709334135056,0.663630187511444,0.0812036022543907,0.278812527656555,0.301175206899643
1105,0.0695917888122346,0.0508557754964368,0.000175589354679773,0.000175589354679773,0.000321679697773344,3.00673832418675,0.0720776019601455,0.265097780854816,0.0358966306153961,3.2004086971283,0.684794127941132,0.160443365573883,0.443965613842011,0.0595974512398243,0.10609470307827,0.166431829333305
1106,0.178144929618891,0.090509064062017,0.000414108203145231,0.000414108203145231,0.000758646228162064,2.07152573605772,0.0445068328384887,0.18636264260547,0.0432505668657472,3.85282278060913,0.712510526180267,0.130902498960495,0.210358589887619,0.0383461304008961,0.159305021166801,0.099918857216835
1107,0.474691682520239,0.156477752845901,0.00713420050419446,0.00713420050419446,0.0130698553236843,2.54909141681967,0.0589256045975667,0.259799607642534,0.0383611081170008,2.62470149993896,0.607812404632568,0.1966672539711,0.883420825004578,0.0775462761521339,0.147276788949966,0.32133561372757
1108,0.558862614771773,0.114014209286768,0.00576108433798108,0.00576108433798108,0.0105543065071813,3.92379661607373,0.0380926381258752,0.0585718712705095,0.0197173257937977,3.03664445877075,0.662330210208893,0.167277723550797,0.382489949464798,0.0601741932332516,0.239819586277008,0.170057028532028
1109,0.0976886272377294,0.0721508641296966,0.000336634789861045,0.000336634789861045,0.000616714935025434,2.82470196964171,0.0947952645494042,0.0900834750319829,0.0290520620253114,4.14605283737183,0.698422610759735,0.124223336577415,0.208672180771828,0.0383118204772472,0.151764988899231,0.0865922793745995
1110,4.73890944002226,0.27369410202554,0.031165576303937,0.031165576303937,0.0570953357888126,1.74042826254466,0.0906265908847286,0.172895932635714,0.0299673155709252,3.31752729415894,0.838329672813416,0.154733449220657,0.400293290615082,0.0299999993294477,0.213800117373466,0.108836084604263
1111,1.04232906571813,0.147741227114197,0.00765706987725347,0.00765706987725347,0.0140277520151284,3.98957902060825,0.0417114857016462,0.0685812538556847,0.0282309613677355,4.19816493988037,0.602434873580933,0.124910272657871,0.330811053514481,0.0355424955487251,0.150957822799683,0.106873974204063
1112,0.0375350508761454,0.0489036907486326,0.000185641713057317,0.000185641713057317,0.000340095618321005,1.78024908540076,0.081473733316859,0.253165266944726,0.027534292010175,2.53193783760071,0.821550190448761,0.23600272834301,0.263202399015427,0.0491463951766491,0.117017701268196,0.248001143336296
1113,0.0656124999741091,0.0619292333096873,0.000305822379159782,0.000305822379159782,0.00056026659862072,4.64504149608369,0.0898850499769856,0.161863918629524,0.0490096566486941,3.26345992088318,0.618010699748993,0.157063230872154,0.398394405841827,0.0585872195661068,0.176340103149414,0.168181151151657
1114,1.97036165826418,0.197519876650389,0.0406108063655918,0.0406108063655918,0.0743989972617642,4.15209804780178,0.0936527687884829,0.182106399279737,0.0112223215038676,2.53875327110291,0.600000023841858,0.203715518116951,0.947120070457459,0.0709588602185249,0.47408726811409,0.317625820636749
1115,2.46017372025803,0.226023289504538,0.0478424481121425,0.0478424481121425,0.087647364941445,4.27588595079685,0.0680033416068793,0.0498757534282051,0.0422250493584161,3.29047751426697,0.687052071094513,0.155501574277878,0.341619282960892,0.0372515134513378,0.145443767309189,0.125304833054543
1116,0.22796636230484,0.0804795940032532,0.000938050779809449,0.000938050779809449,0.00171850902861091,2.73517604443394,0.0737864357003603,0.21805252614171,0.039314229256737,3.51995897293091,0.68934041261673,0.146701529622078,0.455990999937058,0.0539360381662846,0.104176454246044,0.164322838187218
1117,0.427346052364899,0.102059169199296,0.00177834093242165,0.00177834093242165,0.00325792058819646,3.36804020979353,0.0466633493041255,0.29379595167769,0.00835846668784856,2.99756550788879,0.645715713500977,0.167576059699059,0.45891335606575,0.0561775714159012,0.192242175340652,0.218549191951752
1118,1.78285598359643,0.203213316454719,0.0346509753056551,0.0346509753056551,0.0634805867599601,2.19986693601882,0.0595325100290351,0.0441252054144664,0.0481144743097861,3.1686065196991,0.937246739864349,0.167746365070343,0.772400677204132,0.0413721911609173,0.100000001490116,0.130651235580444
1119,0.0774317889611809,0.0641335222613694,0.000265279379617964,0.000265279379617964,0.000485991823460111,2.59556744424789,0.0563056219932111,0.163592201780467,0.0283011602003854,3.58600354194641,0.709712564945221,0.140850618481636,0.200000002980232,0.0518521815538406,0.121788084506989,0.123809292912483
1120,0.0683373121898679,0.0631346898590076,0.000250729770493344,0.000250729770493344,0.000459336939543806,4.72828036205461,0.0402717801792835,0.280202140203458,0.0488919265579339,2.92460322380066,0.639399707317352,0.173332497477531,0.256148248910904,0.066775493323803,0.119647935032845,0.19800429046154
1121,4.31815641469399,0.229558866076518,0.0854446691127186,0.0854446691127186,0.156534633814501,2.77041370962004,0.0659306294578532,0.164523422677665,0.0401753344415656,2.727783203125,0.615620374679565,0.184147268533707,0.60160505771637,0.0668908059597015,0.262612462043762,0.233259126543999
1122,1.54625912692416,0.163579380057938,0.00728108096477974,0.00728108096477974,0.0133389403274765,1.86088473377283,0.0519230534063272,0.247397729364137,0.0454665564324061,3.35485005378723,0.719584584236145,0.150388404726982,0.991601049900055,0.0389230214059353,0.119446963071823,0.148638531565666
1123,0.0461509342958587,0.0448682596973285,0.000292882619297837,0.000292882619297837,0.000536560958553637,2.32801651440757,0.0318218322800395,0.153936658580009,0.0373962975395034,2.47179913520813,0.783584296703339,0.209105893969536,0.322604477405548,0.0795005932450295,0.173433572053909,0.221614181995392
1124,0.0319634411388146,0.0509731930946362,0.000373511845654272,0.000373511845654272,0.000684273701238627,4.80306182835469,0.0458056668023089,0.242549645962261,0.0430598052202777,1.73398900032043,0.769284427165985,0.288962930440903,0.324096947908401,0.12789697945118,0.125645279884338,0.376389235258102
1125,0.522179291404789,0.111898105867792,0.00374141727162616,0.00374141727162616,0.00685427644161913,4.59058605250245,0.0928531348058599,0.175558428132722,0.0243017729793939,3.23488259315491,0.646276235580444,0.154744803905487,0.334314316511154,0.0705404356122017,0.144308492541313,0.19246968626976
1126,4.90588003785443,0.280627425655132,0.237514515410436,0.237514515410436,0.435126592231919,4.78983077119466,0.078183010631397,0.0698084018729896,0.0442074804411249,2.49215722084045,0.631551921367645,0.201063483953476,0.917296350002289,0.0757308974862099,0.144970312714577,0.264510244131088
1127,0.0213159651156467,0.0369632098371818,2.34187099549175E-05,2.34187099549175E-05,4.29030766374089E-05,1.91293032426899,0.0635686669259115,0.120728876584437,0.0264998082361702,4.13539266586304,0.675935745239258,0.128247082233429,0.211971998214722,0.0359597951173782,0.141826555132866,0.134173959493637
1128,0.251557366709244,0.0942987298584466,0.000796307767498637,0.000796307767498637,0.0014588358300575,2.88267710112823,0.0310683076643201,0.292576375771726,0.039767849824956,3.38694405555725,0.639325320720673,0.149774625897408,0.434949994087219,0.0544296018779278,0.156400784850121,0.171626776456833
1129,0.492274249578592,0.128046736000382,0.00512295929504866,0.00512295929504866,0.00938526142852915,4.55696381348136,0.060910860891168,0.122808719496675,0.024017448604335,3.26265954971313,0.670049428939819,0.156390324234962,0.544434905052185,0.061607301235199,0.146604880690575,0.195507526397705
1130,0.0422562794712208,0.0518651890542502,0.000132982563246465,0.000132982563246465,0.000243624055867523,3.28391135648091,0.0767511996580651,0.0838479028301909,0.0169893099454901,3.7654983997345,0.831479787826538,0.138589277863503,0.544113337993622,0.0299999993294477,0.103840917348862,0.0903527364134789
1131,3.68037783442335,0.207197615891674,0.0513393967121417,0.0513393967121417,0.0940537747766435,2.5702984681521,0.0926103780565291,0.0623457757892071,0.0486356419307852,3.64194345474243,0.71350371837616,0.139938965439796,0.449289888143539,0.0441801771521568,0.119037836790085,0.109182521700859
1132,2.57696484059683,0.227855252188769,0.0535904056290258,0.0535904056290258,0.0981776231123752,1.80390370986122,0.0712204007756594,0.107008507950214,0.0333214564251571,2.40962839126587,0.92643529176712,0.209468558430672,0.533055424690247,0.0488996095955372,0.335168212652206,0.177824109792709
1133,0.0674375042574046,0.0612147451845815,0.000187734914861147,0.000187734914861147,0.000343930364025621,2.77980973296918,0.049917717328204,0.18994814384148,0.010233563069997,3.66731238365173,0.617468595504761,0.142065674066544,0.290896147489548,0.0502083264291287,0.188978746533394,0.131057783961296
1134,4.46978413325985,0.242338760980716,0.164325674075176,0.164325674075176,0.301044634905722,2.58512378472254,0.0908570717818314,0.0596163812219689,0.0245649179919129,2.78446245193481,0.829024255275726,0.200036928057671,0.644214272499085,0.0498956441879272,0.34085738658905,0.201042026281357
1135,4.09959001670314,0.272011808609529,0.238008130181215,0.238008130181215,0.436030894491987,4.55004706722521,0.0834230160656038,0.0303503477249459,0.0159875796236609,2.33943748474121,0.804833054542542,0.221737205982208,0.809775531291962,0.0427456684410572,0.46835058927536,0.209951668977737
1136,1.46598492078446,0.171641142965668,0.029726044969564,0.029726044969564,0.0544581143842412,3.95297383278608,0.0373393224552024,0.0639360441753349,0.0238649161626408,2.9694299697876,0.604109644889832,0.175720706582069,0.507394254207611,0.0668566226959229,0.27699077129364,0.209568321704864
1137,0.0236740323112544,0.0440460244685613,0.000122996437117298,0.000122996437117298,0.000225329472798889,3.92659508436159,0.0523025556630651,0.2614795432544,0.0255273297877951,2.3824999332428,0.731073141098022,0.213193252682686,0.224500417709351,0.0811984390020371,0.14985328912735,0.219057202339172
1138,3.87102162284998,0.241471440950522,0.072983230280061,0.072983230280061,0.133705277873072,3.40635339821849,0.0689342818842856,0.13530622797391,0.0317431983694048,3.19596910476685,0.616552233695984,0.157758429646492,0.463478803634644,0.0579600594937801,0.233745992183685,0.194236129522324
1139,1.56306795010123,0.173920240689312,0.0097016644325144,0.0097016644325144,0.0177734492403664,1.73607642235309,0.0919257701983945,0.221225964489133,0.0400881829072086,3.02071166038513,0.727103471755981,0.169501289725304,0.758136928081512,0.0314488038420677,0.102244727313519,0.136040017008781
1140,0.0368902872237855,0.0566187133467992,0.000132006912278281,0.000132006912278281,0.000241836663293811,2.51431910607637,0.0813775372288495,0.103064036146943,0.0416275001268468,3.92606377601624,0.719021260738373,0.135097071528435,0.37615779042244,0.0459006167948246,0.107301667332649,0.116920217871666
1141,0.0340496346831819,0.049584641183877,0.000235744067814328,0.000235744067814328,0.000431883132235849,2.86166016856325,0.0389935788560985,0.132904373857353,0.0287979903438212,2.57529091835022,0.722059071063995,0.195984989404678,0.258113443851471,0.0769476071000099,0.256961405277252,0.200357705354691
1142,0.0306344342840696,0.0502667489416938,5.68579548647576E-05,5.68579548647576E-05,0.000104163773312236,1.93985023290528,0.0717654745784854,0.262799195040519,0.0218799004915327,3.29308724403381,0.702380895614624,0.152576059103012,0.21703664958477,0.0361627861857414,0.184032782912254,0.132516443729401
1143,0.870171035364933,0.129750546648381,0.00612074952515854,0.00612074952515854,0.0112132131300905,3.87797844855882,0.062332188509984,0.262615780574043,0.0218599967355546,3.11706352233887,0.608483910560608,0.162196949124336,0.416343569755554,0.0657063499093056,0.183647707104683,0.229051515460014
1144,3.80529421493477,0.220870480841141,0.031551166727147,0.031551166727147,0.0578017374441333,2.56778913737951,0.0964074524325709,0.167201533342623,0.0269103458009288,3.94542384147644,0.647652983665466,0.127169191837311,0.684668600559235,0.0359727889299393,0.130422934889793,0.110770493745804
1145,4.52116052291653,0.252604833206848,0.0651021646363849,0.0651021646363849,0.119267165613857,2.08711408284042,0.0541276997363339,0.0952197017707454,0.0293774818962314,3.70908713340759,0.68138325214386,0.134874895215034,0.531707406044006,0.0299999993294477,0.102863863110542,0.105169877409935
1146,0.216590577136844,0.0985469146331411,0.00383182934131778,0.00383182934131778,0.00701991135329418,3.18047151724462,0.0565614574802455,0.192653891307135,0.049611343552205,2.25299954414368,0.618804454803467,0.227140605449677,0.24356834590435,0.112367875874043,0.21169950067997,0.388624429702759
1147,3.97331572148004,0.254648441112754,0.133939344823868,0.133939344823868,0.245376879717326,1.62387785160862,0.058985856078761,0.164912696589845,0.0385129943932653,1.97931909561157,0.913635551929474,0.256890624761581,0.977699398994446,0.0486874803900719,0.319183468818665,0.256009101867676
1148,0.106293540851767,0.0687794200277444,0.00180752439511788,0.00180752439511788,0.00331138469185596,3.76827030339314,0.0488989266772157,0.0782093170114594,0.00518337424518954,2.01287460327148,0.617578208446503,0.256655633449554,0.691432476043701,0.104655183851719,0.440234899520874,0.345433473587036
1149,0.388353219883971,0.113610167946998,0.00167253198176766,0.00167253198176766,0.00306407859059836,3.11098111833758,0.0701505115832987,0.184100865702578,0.00937165982141714,3.64366364479065,0.635707199573517,0.137828201055527,0.810186624526978,0.0442829169332981,0.169983863830566,0.144003540277481
1150,1.72626214805455,0.141226855508882,0.0296686966965894,0.0296686966965894,0.0543530523481519,4.73088679640981,0.0474803863531503,0.0403332966263049,0.017954210103974,3.03149151802063,0.615985810756683,0.17099916934967,0.340188801288605,0.0535397566854954,0.300131142139435,0.190638929605484
1151,0.286409388267812,0.103447020314893,0.00230883292753611,0.00230883292753611,0.00422978192324615,3.94621440565278,0.0811279242707031,0.149341397795414,0.0343667090856606,3.21716809272766,0.644952118396759,0.157813489437103,0.474794059991837,0.0599476471543312,0.111708529293537,0.189435243606567
1152,0.0701388916999877,0.0627744661867502,0.000480314160336489,0.000480314160336489,0.000879935541736448,1.7417968309349,0.0410068581086943,0.235340697889886,0.0438168652980524,2.47158312797546,0.63447105884552,0.202692270278931,0.302381366491318,0.0686055049300194,0.101042583584785,0.241157591342926
1153,0.500930597822812,0.135713420987025,0.0175626963596351,0.0175626963596351,0.0321748597308514,2.61900998993447,0.0976119444441457,0.153567797340208,0.0172654156444295,2.05698204040527,0.607134878635407,0.246792763471603,0.904950439929962,0.0681814700365067,0.215232565999031,0.356124758720398
1154,3.11085516535276,0.193710031101847,0.0161072714947891,0.0161072714947891,0.0295085213784535,2.05866517405432,0.0342475279852383,0.28497164656084,0.0109147807187385,3.53035163879395,0.61297994852066,0.142760932445526,0.607842028141022,0.0464412644505501,0.193986982107162,0.167501837015152
1155,0.177714477235084,0.0837552568005796,0.000628493917362681,0.000628493917362681,0.00115140085660843,1.76514779729692,0.0555008365609762,0.0362737210673138,0.0138465457388069,3.84605813026428,0.726306676864624,0.133408352732658,0.325095623731613,0.0359092131257057,0.275497108697891,0.10662867128849
1156,1.5612966365901,0.187621531111852,0.00775182497095016,0.00775182497095016,0.0142013433467807,2.21227704136241,0.0304991534986457,0.0834884803256572,0.0444046351494213,3.91696000099182,0.809381902217865,0.127806439995766,0.375351667404175,0.031662043184042,0.2548588514328,0.0907504707574844
1157,0.718338255451631,0.14127384688216,0.00677769303496649,0.00677769303496649,0.0124167336400586,4.77473681229209,0.0906889423517546,0.235795609923846,0.0289755992215023,2.79693794250488,0.652723371982574,0.178908452391624,0.434590220451355,0.0760776624083519,0.201129540801048,0.243111342191696
1158,1.73974680612032,0.147955268472698,0.0136383851725401,0.0136383851725401,0.0249855216360935,4.20622245340872,0.0917563260699792,0.204464500424057,0.0344248111686426,3.18280577659607,0.698620200157166,0.157416716217995,0.412721246480942,0.0589806362986565,0.16668713092804,0.187515527009964
1159,1.06951243153119,0.131633932449799,0.00290435282053693,0.00290435282053693,0.00532077436722365,1.60138767741773,0.0592772319528651,0.169420061770586,0.0251438228192627,3.45804667472839,0.65967983007431,0.14587613940239,0.275211066007614,0.0299999993294477,0.369351416826248,0.109378427267075
1160,1.05769464692878,0.154457961650956,0.0123131342448717,0.0123131342448717,0.0225576619366049,2.39829870667132,0.0766454187780492,0.205220856754101,0.0143804815754051,2.88776516914368,0.645799040794373,0.17618402838707,0.57693487405777,0.0603234879672527,0.176188051700592,0.224589824676514
1161,1.95666330970872,0.180593439170399,0.0389376096993539,0.0389376096993539,0.0713337009692164,4.11188000490474,0.0549784006581541,0.1763056880996,0.0214743023802255,2.50200533866882,0.619090437889099,0.201002866029739,0.995381474494934,0.0866837128996849,0.162708416581154,0.3156658411026
1162,2.9132395204713,0.225336256056545,0.0849046615804339,0.0849046615804339,0.155545340015355,4.92724959482926,0.0633328517786887,0.0305728516949682,0.034368870548393,3.12041687965393,0.66349858045578,0.161204949021339,0.679217457771301,0.0361258871853352,0.373735189437866,0.158574879169464
1163,2.17382077124355,0.189380309183822,0.02568427315871,0.02568427315871,0.0470535884267567,4.3080444202292,0.0904904824258699,0.213754032009553,0.0058518764231665,2.67236614227295,0.653774857521057,0.188602313399315,0.908526241779327,0.0569052286446095,0.439199566841126,0.264787137508392
1164,0.52955445267089,0.13723522545855,0.00437382152264975,0.00437382152264975,0.00801284102949434,4.34227214620677,0.0430627083932408,0.179161614938405,0.00669436121489278,2.8555383682251,0.668119847774506,0.182085275650024,0.817166686058044,0.0601324364542961,0.464234471321106,0.22656524181366
1165,0.0225500113681054,0.0403653954679062,0.000309130253105919,0.000309130253105919,0.000566326623690044,4.95173402260782,0.0739483110452295,0.132117089060108,0.0414281120488389,1.84986984729767,0.826606154441834,0.278293430805206,0.630868971347809,0.0975627899169922,0.115030139684677,0.322264909744263
1166,0.609345064242369,0.133539178816581,0.009913817771531,0.009913817771531,0.0181621141574448,1.93883028135441,0.0681849637219018,0.145374022705794,0.044968495457025,2.32521772384644,0.856187462806702,0.215738505125046,0.452461212873459,0.0480856224894524,0.115862093865871,0.191347166895866
1167,0.533978392819959,0.108846253471611,0.00828182535616342,0.00828182535616342,0.0151723040524914,4.41404438660547,0.0561214179990065,0.0845620167896804,0.0321439965766492,2.58272576332092,0.709929049015045,0.194246917963028,0.331809759140015,0.0897632539272308,0.162870109081268,0.250865459442139
1168,0.207466502457737,0.083827979856765,0.000697622013086388,0.000697622013086388,0.00127804352797426,1.8698255663713,0.0524297939221752,0.175708468353577,0.0374699649792852,3.48179030418396,0.663881480693817,0.14495974779129,0.324567586183548,0.0375996269285679,0.163697615265846,0.120360910892487
1169,2.24122987682773,0.17114583517325,0.0571207659443531,0.0571207659443531,0.104645243210055,2.91504265996986,0.0800991525770409,0.160462855415556,0.0155156701527051,2.26321601867676,0.610359072685242,0.224056109786034,0.690321683883667,0.0872470363974571,0.446471869945526,0.332053363323212
1170,3.88126743731085,0.230035978210266,0.114981008257967,0.114981008257967,0.210645207128595,2.53988961810966,0.0915520484982833,0.271041878645681,0.0166541673758922,2.19658446311951,0.629315316677094,0.232543423771858,0.794054746627808,0.0871470421552658,0.303008675575256,0.39916867017746
1171,0.115731634431241,0.0780482268264804,0.00109086465526501,0.00109086465526501,0.00199846404844549,2.86214525215408,0.0646171220063124,0.21338889306229,0.012128908764572,2.41026949882507,0.691069483757019,0.209556102752686,0.969286918640137,0.0850866809487343,0.201021403074265,0.311666309833527
1172,1.25971401390955,0.156201089621013,0.0113397686218443,0.0113397686218443,0.0207744561152188,4.74749958009548,0.0321247204179195,0.193527880152017,0.0337017326840986,3.04952144622803,0.62376880645752,0.164724767208099,0.326114445924759,0.0700369849801064,0.162044629454613,0.203149199485779
1173,0.0755447670549478,0.06460956414324,0.000763565130860782,0.000763565130860782,0.00139885131973695,4.78072185433652,0.0552193824120709,0.161762219809933,0.027845582906133,2.33683466911316,0.647642970085144,0.217671111226082,0.35306254029274,0.101980470120907,0.180381923913956,0.291357606649399
1174,1.64577900905314,0.188955529742326,0.0235950163362682,0.0235950163362682,0.0432260699280433,4.22790101084968,0.0836696209403781,0.297750947065235,0.018223783646751,2.54207897186279,0.607978820800781,0.198826923966408,0.804329931735992,0.0774111524224281,0.357103884220123,0.336084336042404
1175,0.862622869793568,0.150992093910594,0.0073968451739139,0.0073968451739139,0.0135510203586103,3.38043330950798,0.0354764422452225,0.281576807054888,0.0110647629499696,2.71385645866394,0.63204836845398,0.18951715528965,0.720910251140595,0.0678265988826752,0.226504117250442,0.27155590057373
1176,1.22615447944975,0.157215068837679,0.0218168746549622,0.0218168746549622,0.0399685143678908,2.6771238350551,0.0588789505523593,0.177235876982877,0.025540191680806,2.51159906387329,0.604906558990479,0.205842792987823,0.378298550844192,0.0889098718762398,0.284895569086075,0.299450844526291
1177,4.16668189762703,0.266820674426111,0.0680380936970174,0.0680380936970174,0.124645787652936,3.91497258380453,0.0383952540510776,0.0855909272385073,0.00900614975049704,3.25140738487244,0.690012276172638,0.155402570962906,0.965224981307983,0.0436658822000027,0.307895123958588,0.166913986206055
1178,4.50860093180422,0.260569734571266,0.07099565792467,0.07099565792467,0.130064045317995,3.14670028811463,0.0663496074279943,0.269042728963913,0.0261508041331283,2.67429494857788,0.619799554347992,0.188931345939636,0.319882482290268,0.0709385871887207,0.41198542714119,0.264239847660065
1179,0.31751538247956,0.093898816068703,0.00118595344287518,0.00118595344287518,0.00217266670734733,2.68482331766055,0.0553171780456804,0.215145928729735,0.0126686592008087,3.43001413345337,0.631523847579956,0.150830149650574,0.315149188041687,0.04799684882164,0.286759942770004,0.158291876316071
1180,1.43946172399934,0.169665685750374,0.00634575678103053,0.00634575678103053,0.0116254264228479,1.9709406701774,0.0850757485616787,0.035060344835544,0.0155247221396829,4.15844202041626,0.785043716430664,0.128383100032806,0.614348232746124,0.0299999993294477,0.251453220844269,0.0827951654791832
1181,0.0988588114212666,0.0749679039067041,0.000280893255668941,0.000280893255668941,0.000514596444385501,2.08742772811169,0.0713376946844096,0.139256685051569,0.00643516045025136,3.98267936706543,0.632524728775024,0.125814706087112,0.987307965755463,0.0307409428060055,0.10865131765604,0.100576005876064
1182,0.358157872406126,0.105630033439435,0.00112829446100126,0.00112829446100126,0.00206703545255432,1.76552357166296,0.055432421899074,0.0423051301475269,0.00699627875461389,4.03416872024536,0.680818259716034,0.12804502248764,0.915306687355042,0.0305888187140226,0.143586501479149,0.0902798175811768
1183,0.563863967948398,0.123486438536597,0.00234038060666016,0.00234038060666016,0.00428757727140141,2.63186461594257,0.0403386999993518,0.23673068540955,0.0054746662364139,3.31079506874084,0.616880238056183,0.153162777423859,0.854346036911011,0.0484758503735065,0.348727077245712,0.179797857999802
1184,1.08796991001978,0.153773379438049,0.0158351817078993,0.0158351817078993,0.0290100528888716,3.27558312878781,0.0361303490467001,0.113979605055617,0.0380723497332234,2.87333631515503,0.610590875148773,0.179272159934044,0.32647630572319,0.0695365220308304,0.208653330802917,0.214673966169357
1185,2.18014325800714,0.177222141353665,0.0225577404183951,0.0225577404183951,0.0413257804464998,4.31419281868864,0.0611966342063401,0.0917551831269405,0.0276401998996541,3.70692706108093,0.64249449968338,0.136639401316643,0.402942895889282,0.0510608106851578,0.149934157729149,0.132310196757317
1186,1.55817331107724,0.179595205857043,0.0158657786320525,0.0158657786320525,0.0290661064539202,4.36786867426352,0.0344610957852591,0.125830576109275,0.0405778491735747,3.242999792099,0.645547449588776,0.160206958651543,0.221643924713135,0.0530723817646503,0.407057255506516,0.16818755865097
1187,0.0534989977660977,0.0596387959312871,0.0001383538226304,0.0001383538226304,0.000253464203058893,3.13128511395161,0.0486337504227678,0.246993935925082,0.00588035535726409,3.31650185585022,0.645954132080078,0.153569474816322,0.724824845790863,0.050479281693697,0.190216094255447,0.153889015316963
1188,0.0363171726648304,0.0479461628646113,0.000168993728234595,0.000168993728234595,0.000309596510125777,4.92200396870636,0.0878352218021477,0.120579552950009,0.0413350563492363,3.28263521194458,0.746986150741577,0.153608039021492,0.289478272199631,0.0606325045228004,0.100000001490116,0.143214285373688
1189,0.220763677211584,0.0889443638111163,0.000877808257284436,0.000877808257284436,0.00160814472734509,3.67583833004411,0.092231982713354,0.270826501354259,0.0450669248634559,3.53092336654663,0.618678510189056,0.143431454896927,0.337326288223267,0.0585272088646889,0.117427349090576,0.172067075967789
1190,0.11625148093239,0.0791874782857246,0.000367130038884751,0.000367130038884751,0.000672582231236864,2.89813139713013,0.094530860373642,0.142161257653553,0.0455266327515026,3.73036527633667,0.740711867809296,0.134634166955948,0.338369220495224,0.0348337143659592,0.130309015512466,0.098411850631237
1191,0.6247490431628,0.117546809829804,0.0029805421849638,0.0029805421849638,0.00546035328285368,2.27296761015032,0.0893615980100259,0.264980905700867,0.0232539426306024,3.34375667572021,0.642212986946106,0.151855126023293,0.483243107795715,0.0502168014645577,0.100000001490116,0.15657177567482
1192,1.00832389604472,0.135128036700911,0.0165525467434721,0.0165525467434721,0.0303242656340409,4.55578667826843,0.032864298160156,0.133660381588224,0.0444595224557052,2.54408740997314,0.696029007434845,0.202138960361481,0.421424150466919,0.0952175781130791,0.116214841604233,0.287190526723862
1193,4.04524589480162,0.274428193324229,0.028839306151426,0.028839306151426,0.0528336088694124,2.02988639239581,0.0977042645652771,0.213425520869816,0.0434351095348083,3.59123826026916,0.72978276014328,0.142334476113319,0.629116177558899,0.0299999993294477,0.112803779542446,0.0999504551291466
1194,1.83503451858724,0.180476414068417,0.00905525946854466,0.00905525946854466,0.0165892353463738,1.81478143981775,0.0737158901310041,0.126892479961052,0.0432839861193097,3.85932970046997,0.71129310131073,0.133052468299866,0.200000002980232,0.0310118217021227,0.314021915197372,0.0924414023756981
1195,1.80888815494099,0.192782698992037,0.0119140341400708,0.0119140341400708,0.0218265105446096,2.41782848886752,0.094128472877626,0.188618010794246,0.0259995142584359,3.63075351715088,0.737354636192322,0.139336347579956,0.708028793334961,0.034811370074749,0.113173276185989,0.117885522544384
1196,0.35494394665103,0.123289971527073,0.0026030818060885,0.0026030818060885,0.00476884586875413,4.47852469832181,0.0817690245046735,0.209119259729492,0.0152098251680872,3.13047003746033,0.612332165241241,0.164887726306915,0.842175483703613,0.065244734287262,0.127142578363419,0.199525445699692
1197,1.97392148652743,0.216388615119117,0.0397670026897782,0.0397670026897782,0.0728531489276736,4.86130474636891,0.0376745491272638,0.0340673856622315,0.0283161164506248,3.27108454704285,0.697154045104981,0.158641219139099,0.736786842346191,0.055397056043148,0.116291463375092,0.151739701628685
1198,0.66089489077199,0.126872874810933,0.00355990367272122,0.00355990367272122,0.00652174352842528,3.34619228871028,0.0460463490492888,0.063951300955007,0.0284440859664799,4.05645275115967,0.726676404476166,0.125791400671005,0.264095067977905,0.0299999993294477,0.113190367817879,0.0928280353546143
1199,0.110962165751665,0.0721068615546104,0.0004771968043527,0.0004771968043527,0.000874224545574147,2.07290536180295,0.0322272418242528,0.069213183612986,0.0221210444325013,3.94925594329834,0.672734200954437,0.12756872177124,0.216926097869873,0.0307746604084969,0.101271487772465,0.0889478176832199
1200,3.54302237094176,0.217468688380213,0.0243564801424243,0.0243564801424243,0.0446210716209214,2.47564052428455,0.0344237500232635,0.114105796653046,0.0139866684567926,4.22545576095581,0.622292578220367,0.118505828082562,0.524625241756439,0.0353860147297382,0.141216546297073,0.105484560132027
1201,2.68894133369377,0.207780939788485,0.0538054042297554,0.0538054042297554,0.0985715005489119,4.92172836373163,0.0445267940963782,0.125625003484933,0.0385311112472595,2.78451800346375,0.680799901485443,0.182586669921875,0.774273872375488,0.0743762776255608,0.133982196450233,0.24494856595993
1202,4.84720874040915,0.244913724207414,0.0566434335331434,0.0566434335331434,0.103770770232719,2.85756679141161,0.0875436821990617,0.2613409256269,0.0269929893146086,3.22752285003662,0.639500141143799,0.155208811163902,0.578782141208649,0.0552984029054642,0.166879996657372,0.203457996249199
1203,0.39467148800366,0.102504088049971,0.00445023249606411,0.00445023249606411,0.00815282593278944,4.93144808091054,0.0378425100561269,0.101661564439935,0.00915059142873584,2.77792239189148,0.641830563545227,0.18633434176445,0.637834846973419,0.0728137418627739,0.281980574131012,0.241749331355095
1204,0.639707284105409,0.138696231727772,0.0100981293523811,0.0100981293523811,0.0184997729735621,2.58279446837051,0.0660616272942986,0.277942131865027,0.0400177020627862,2.38944888114929,0.611183881759644,0.209434404969215,0.544642210006714,0.0942146107554436,0.184106916189194,0.364753097295761
1205,0.725817968953519,0.157298754058494,0.0138314704131865,0.0138314704131865,0.0253392537969576,3.60193285285406,0.0421009404380075,0.0381867925121351,0.0483368094483213,2.98967838287354,0.672560393810272,0.169713884592056,0.613317012786865,0.0498606637120247,0.223659291863441,0.172124296426773
1206,0.021565180654164,0.0440475561543364,3.88012406184235E-05,3.88012406184235E-05,7.10838728129518E-05,2.03210628686583,0.0609487208039829,0.218986930452854,0.02959334223258,3.8030116558075,0.735506892204285,0.141957595944405,0.353324204683304,0.0328797027468681,0.101942159235477,0.127235367894173
1207,1.75660168583397,0.202935976690261,0.0341383737381212,0.0341383737381212,0.0625415006882381,4.652002697366,0.0555203079838935,0.0567696423625096,0.0349507892494472,3.25650644302368,0.642956733703613,0.153778910636902,0.721973598003387,0.0514925606548786,0.17806613445282,0.166145846247673
1208,0.308689964190187,0.100449425144353,0.00124059905281617,0.00124059905281617,0.00227277746475922,2.97733209420236,0.0535962825169738,0.129494341932763,0.0447113975044253,4.18904733657837,0.648751676082611,0.119832150638103,0.200000002980232,0.0473955608904362,0.130583360791206,0.104602336883545
1209,2.61469595140234,0.225763400551359,0.0962272014797618,0.0962272014797618,0.176288233110924,2.79416063129132,0.0468340704919461,0.0798587529994966,0.0301494268013584,2.48199677467346,0.608960747718811,0.202272295951843,0.69750314950943,0.0701377019286156,0.370683789253235,0.262939631938934
1210,0.0906821993152566,0.069655403256804,0.000376321579330305,0.000376321579330305,0.000689421133333119,2.72693951753284,0.099304596963867,0.163311718503356,0.0088011676340733,3.31217956542969,0.765938460826874,0.15506786108017,0.401171028614044,0.0418744795024395,0.199723064899445,0.128401100635529
1211,0.990918539932059,0.148345261883766,0.012944622350674,0.012944622350674,0.0237145481464347,4.37004253431159,0.0370641184885396,0.218433612378608,0.0172601979075983,2.51802706718445,0.635008156299591,0.203820735216141,0.635663688182831,0.0876413285732269,0.226949021220207,0.307727694511414
1212,1.35203314440605,0.180257757430001,0.0160117639044225,0.0160117639044225,0.029333551472902,2.55224605944331,0.0425367918474678,0.0569960930854839,0.0380927139561559,4.01708936691284,0.622410416603088,0.126049250364304,0.243009760975838,0.0347596071660519,0.143832847476006,0.0981289893388748
1213,0.187681336273232,0.0809647663697358,0.000664165480626513,0.000664165480626513,0.00121675116050777,2.14232688734311,0.0711393260991358,0.0710443314704253,0.0485558781907549,3.88021349906921,0.793670356273651,0.130257084965706,0.295712828636169,0.0366969145834446,0.121784396469593,0.0866184085607529
1214,0.516616544941563,0.13201442133954,0.00220243831408081,0.00220243831408081,0.00403486699139604,2.66666665708081,0.0833558930967459,0.139174735696759,0.0262472875720828,3.99288368225098,0.705610632896423,0.127333834767342,0.204619318246841,0.0299999993294477,0.291387587785721,0.094174399971962
1215,0.0366272425865486,0.0628878804866106,0.000195389539838588,0.000195389539838588,0.000357953636984293,2.00501947286332,0.0966676550620604,0.152140352934919,0.0102105459414155,3.07566332817078,0.776619136333466,0.207832351326942,0.386286109685898,0.041278999298811,0.233856856822968,0.216706573963165
1216,1.86304198981344,0.161809642601514,0.0364165938288013,0.0364165938288013,0.0667151998943639,1.71309258726864,0.0308469280777118,0.129523118382801,0.0276787898191287,2.57773065567017,0.656526863574982,0.201027765870094,0.502455711364746,0.0348911955952644,0.171705588698387,0.228713989257812
1217,0.844498828740128,0.136712262060609,0.0113186432574021,0.0113186432574021,0.0207357544475606,3.83749381255394,0.0704395520914616,0.16700224023012,0.014587658746912,2.64389371871948,0.639169692993164,0.198100313544273,0.9430992603302,0.0746336430311203,0.180746152997017,0.273259788751602
1218,0.110807590548661,0.0744129375878966,0.00100624852369316,0.00100624852369316,0.00184344729540586,2.72246713045125,0.0898351820055641,0.297596008812432,0.0197333366754161,2.22670388221741,0.65407931804657,0.227331608533859,0.330578565597534,0.0916789472103119,0.199543431401253,0.327482759952545
1219,0.055843044295143,0.0680807699100612,0.000180519657606911,0.000180519657606911,0.000330712012735861,4.0164846056061,0.0408598566158759,0.093897116861482,0.0381193240055391,4.09747314453125,0.686562597751617,0.122618220746517,0.515845596790314,0.0430412292480469,0.116955928504467,0.0945744514465332
1220,1.24464813675657,0.173403601673036,0.0177671585343416,0.0177671585343416,0.0325494344349139,4.55259748325979,0.0830435154484226,0.0995562861666108,0.0294881501741947,3.35810256004333,0.61040985584259,0.149994179606438,0.408215045928955,0.054266519844532,0.179582208395004,0.166502758860588
1221,2.44209727680971,0.21680246151988,0.0482384573059276,0.0482384573059276,0.0883728537844594,2.6637759121026,0.0983647689675921,0.048530026547701,0.00697986363320414,2.96016907691956,0.839463412761688,0.172463372349739,0.719130039215088,0.0452207699418068,0.455433517694473,0.149519547820091
1222,3.77928036910754,0.255489392596573,0.0636688188602824,0.0636688188602824,0.116641276152037,2.68499895441275,0.0959729817569305,0.265560220020402,0.0257737245849707,2.88902997970581,0.623810052871704,0.181303203105927,0.946784377098084,0.0578506737947464,0.289848744869232,0.255245208740234
1223,0.0435652739859064,0.0535391737849279,0.000464471130413718,0.000464471130413718,0.000850911110917932,3.19511856681815,0.0881748680258138,0.291403546558147,0.0285748709726883,1.93330407142639,0.653175473213196,0.258563101291656,0.529711842536926,0.116567768156528,0.251631289720535,0.395463556051254
1224,3.529737825949,0.186666421966603,0.035296129266591,0.035296129266591,0.0646625088163946,2.37616433201794,0.03420537611738,0.183951491434445,0.00706530126793717,3.02313685417175,0.632241427898407,0.166319012641907,0.749048054218292,0.0498912669718266,0.290408283472061,0.218878269195557
1225,0.127444357701503,0.0710372009977961,0.000172024314563532,0.000172024314563532,0.00031514854428039,1.6335173312852,0.069788302507921,0.143583548365917,0.0280880524010281,2.96752309799194,0.92212700843811,0.179436519742012,0.335393697023392,0.0301103033125401,0.126762181520462,0.115113392472267
1226,3.47627447048288,0.263468080504727,0.325133066574666,0.325133066574666,0.595643777964789,2.67621534993012,0.0864809944952719,0.0946306563933958,0.0352440704558149,1.68281638622284,0.859557926654816,0.301859140396118,0.671165585517883,0.0634335950016975,0.399066478013992,0.335751265287399
1227,0.0239575506512509,0.0514777792441997,8.14703880542533E-05,8.14703880542533E-05,0.000149253750915392,3.87752698532754,0.0621384402157301,0.147376413109028,0.018665643267494,3.25543570518494,0.800590336322784,0.15373657643795,0.293815344572067,0.0418669208884239,0.105102546513081,0.1183220744133
1228,3.0619094568824,0.253069261973823,0.0275297828604806,0.0275297828604806,0.0504345622004005,2.11710802127269,0.0504362947534949,0.0934603346149117,0.00532940031903722,3.85008692741394,0.68548595905304,0.130939155817032,0.923053681850433,0.0299999993294477,0.286709070205688,0.100327208638191
1229,0.411099327073848,0.114853514965937,0.00240848098492798,0.00240848098492798,0.00441233716438806,1.67365207199717,0.0847203778392232,0.171925429054375,0.0100083104762272,2.88259029388428,0.797315418720245,0.179439783096313,0.768069386482239,0.0379411056637764,0.257525205612183,0.167698547244072
1230,1.43240813579155,0.157544001797194,0.0126014262654586,0.0126014262654586,0.0230858129183202,3.94835811121231,0.0595402930878645,0.295749633574804,0.0397927476672407,3.00784301757812,0.644761741161346,0.168208390474319,0.448094934225082,0.0706430673599243,0.154406040906906,0.246307536959648
1231,2.8619439599281,0.16870326219446,0.0370836723574154,0.0370836723574154,0.0679372877587851,3.56664605797142,0.0607727753539157,0.153481336039528,0.0412431365027457,3.08709502220154,0.605734288692474,0.162154868245125,0.705107152462006,0.0648578703403473,0.126235902309418,0.21059712767601
1232,1.1853388485594,0.162090533496738,0.00873272475538518,0.00873272475538518,0.0159983517518656,3.52052244959946,0.0542092490827666,0.160873262926086,0.0228937914339891,3.26465940475464,0.696494519710541,0.153943598270416,0.359701544046402,0.0500863082706928,0.379561543464661,0.171378970146179
1233,0.14397859898253,0.0799031863985987,0.00131322678248524,0.00131322678248524,0.00240583146551295,4.39595911477286,0.0734533743527133,0.214258551361128,0.0351709772867868,2.60026025772095,0.614389598369598,0.199198722839355,0.328693807125092,0.0924511253833771,0.182461380958557,0.28895890712738
1234,0.227284095657238,0.0941399233255463,0.000938499560633105,0.000938499560633105,0.00171933119507985,2.72793849878398,0.050653436361871,0.0925393075622591,0.0358376783367631,3.88766837120056,0.787127256393433,0.130145028233528,0.213756501674652,0.0356468893587589,0.102863371372223,0.0925570726394653
1235,2.6722645679627,0.202451991793633,0.0348481903298587,0.0348481903298587,0.0638418846843011,1.58486323116919,0.0775146878432157,0.143289484210577,0.0236608937436381,2.40210175514221,0.853647887706757,0.214676663279533,0.718074142932892,0.0396691970527172,0.160555645823479,0.201966434717178
1236,0.0266751324843511,0.0442653781087597,4.68251210329704E-05,4.68251210329704E-05,8.57836217324018E-05,3.11062834864625,0.0386552434469325,0.162645617119434,0.0212108298946942,4.25135278701782,0.641447007656097,0.118884615600109,0.289052397012711,0.041819017380476,0.101867601275444,0.0909887701272965
1237,0.276219211815136,0.099224073544946,0.00189520800722315,0.00189520800722315,0.00347202106923281,4.14272843352951,0.0669904495338979,0.20573212312436,0.0333049234732785,3.12085247039795,0.621559679508209,0.161159366369247,0.262556821107864,0.072533942759037,0.200201481580734,0.214319825172424
1238,1.01615598861917,0.149533368210554,0.0241964025380069,0.0241964025380069,0.0443278094496286,2.98961603106181,0.037985101263388,0.0493419951361648,0.0073861143067065,2.50444579124451,0.682051420211792,0.203865066170692,0.846402823925018,0.0556419752538204,0.42481940984726,0.248968049883842
1239,2.72232102188049,0.232954249721332,0.0288224615580075,0.0288224615580075,0.0528027495742697,3.28872513240026,0.041584327770418,0.265413835452148,0.0158423674167551,3.15243816375732,0.621805727481842,0.164905726909637,0.742304742336273,0.0558478608727455,0.284089744091034,0.229705035686493
1240,0.0484228686238763,0.052295432445649,0.000254978989640191,0.000254978989640191,0.000467121509020831,3.23280918585442,0.0738341135724774,0.124154364143024,0.0344448399480671,3.2612886428833,0.631242573261261,0.154220461845398,0.251447677612305,0.0636577308177948,0.106022670865059,0.151960641145706
1241,4.51845771609428,0.206673456510792,0.103706973883527,0.103706973883527,0.189991176154622,4.5809977728858,0.0409278293258428,0.0758038963281395,0.0247366115929659,2.87314009666443,0.614735662937164,0.174471095204353,0.454192996025085,0.0723275765776634,0.328744500875473,0.220319971442223
1242,3.09793422679567,0.203016600381689,0.0179668150379847,0.0179668150379847,0.032915205149588,2.25676641772342,0.0558157869653967,0.0663275530332302,0.0207463994860815,4.31675577163696,0.747102200984955,0.116107560694218,0.418260127305985,0.0299999993294477,0.281359791755676,0.0720196217298508
1243,0.967523305605768,0.152212432493604,0.0158216688313893,0.0158216688313893,0.0289852972991052,1.55171427443172,0.0787017874246766,0.235160589011866,0.02072332493847,1.83847856521606,0.910881042480469,0.280974239110947,0.787614047527313,0.0477052293717861,0.162076100707054,0.273008942604065
1244,0.363037664954752,0.10785693933499,0.00179184650637734,0.00179184650637734,0.0032826627996833,3.31445669997678,0.0487836111002888,0.180456135063231,0.0300802596869569,3.68293881416321,0.601967394351959,0.138808757066727,0.331321477890015,0.0618143975734711,0.156419321894646,0.15024071931839
1245,1.29615757307111,0.144703184685116,0.0252361222699979,0.0252361222699979,0.0462325759986362,2.84219803457154,0.0399500163135383,0.0949750400951596,0.0264157200970412,2.717369556427,0.631144165992737,0.184668242931366,0.580474257469177,0.0813328102231026,0.299844056367874,0.253646463155746
1246,0.336871649639521,0.115892417829853,0.00254950911528467,0.00254950911528467,0.00467070069920152,3.62368715840339,0.093151215605507,0.0393768821806083,0.0329628955989413,4.1294322013855,0.714150071144104,0.123318649828434,0.763891577720642,0.036114152520895,0.137633189558983,0.0922277271747589
